tag,step,value
custom/altitude_m,1024,5.6159868240356445
custom/altitude_m,2048,4.879298210144043
custom/altitude_m,3072,5.137387752532959
custom/altitude_m,4096,5.135730266571045
custom/altitude_m,5120,5.210346221923828
custom/altitude_m,6144,5.439313888549805
custom/altitude_m,7168,5.005007266998291
custom/altitude_m,8192,4.593806266784668
custom/altitude_m,9216,5.321189880371094
custom/altitude_m,10240,5.43004846572876
custom/altitude_m,11264,5.555963516235352
custom/altitude_m,12288,5.590434551239014
custom/altitude_m,13312,4.906433582305908
custom/altitude_m,14336,5.231030464172363
custom/altitude_m,15360,4.944985866546631
custom/altitude_m,16384,5.187853813171387
custom/altitude_m,17408,5.314325332641602
custom/altitude_m,18432,5.28455924987793
custom/altitude_m,19456,5.195891857147217
custom/altitude_m,20480,5.626028537750244
custom/altitude_m,21504,5.371596336364746
custom/altitude_m,22528,4.991211414337158
custom/altitude_m,23552,4.996776580810547
custom/altitude_m,24576,5.317778587341309
custom/altitude_m,25600,4.780521869659424
custom/altitude_m,26624,5.063425064086914
custom/altitude_m,27648,4.884393692016602
custom/altitude_m,28672,5.237747669219971
custom/altitude_m,29696,4.747810363769531
custom/altitude_m,30720,5.161497116088867
custom/altitude_m,31744,5.028475761413574
custom/altitude_m,32768,5.012487411499023
custom/altitude_m,33792,4.78815221786499
custom/altitude_m,34816,4.30291748046875
custom/altitude_m,35840,5.071014404296875
custom/altitude_m,36864,4.897756576538086
custom/altitude_m,37888,5.085206031799316
custom/altitude_m,38912,5.0493645668029785
custom/altitude_m,39936,4.610659599304199
custom/altitude_m,40960,4.751461505889893
custom/altitude_m,41984,5.016410827636719
custom/bbox_center_error_norm,1024,0.0
custom/bbox_center_error_norm,2048,0.0
custom/bbox_center_error_norm,3072,0.0
custom/bbox_center_error_norm,4096,0.0
custom/bbox_center_error_norm,5120,0.0
custom/bbox_center_error_norm,6144,0.0
custom/bbox_center_error_norm,7168,0.0
custom/bbox_center_error_norm,8192,0.0
custom/bbox_center_error_norm,9216,0.0
custom/bbox_center_error_norm,10240,0.0
custom/bbox_center_error_norm,11264,0.0
custom/bbox_center_error_norm,12288,0.0
custom/bbox_center_error_norm,13312,0.0
custom/bbox_center_error_norm,14336,0.0
custom/bbox_center_error_norm,15360,0.0
custom/bbox_center_error_norm,16384,0.0
custom/bbox_center_error_norm,17408,0.0
custom/bbox_center_error_norm,18432,0.0
custom/bbox_center_error_norm,19456,0.0
custom/bbox_center_error_norm,20480,0.0
custom/bbox_center_error_norm,21504,0.0
custom/bbox_center_error_norm,22528,0.0
custom/bbox_center_error_norm,23552,0.0
custom/bbox_center_error_norm,24576,0.0
custom/bbox_center_error_norm,25600,0.0
custom/bbox_center_error_norm,26624,0.0
custom/bbox_center_error_norm,27648,0.0
custom/bbox_center_error_norm,28672,0.0
custom/bbox_center_error_norm,29696,0.0
custom/bbox_center_error_norm,30720,0.0
custom/bbox_center_error_norm,31744,0.0
custom/bbox_center_error_norm,32768,0.0
custom/bbox_center_error_norm,33792,0.0
custom/bbox_center_error_norm,34816,0.0
custom/bbox_center_error_norm,35840,0.0
custom/bbox_center_error_norm,36864,0.0
custom/bbox_center_error_norm,37888,0.0
custom/bbox_center_error_norm,38912,0.0
custom/bbox_center_error_norm,39936,0.0
custom/bbox_center_error_norm,40960,0.0
custom/bbox_center_error_norm,41984,0.0
custom/bbox_center_error_x,1024,0.0
custom/bbox_center_error_x,2048,0.0
custom/bbox_center_error_x,3072,0.0
custom/bbox_center_error_x,4096,0.0
custom/bbox_center_error_x,5120,0.0
custom/bbox_center_error_x,6144,0.0
custom/bbox_center_error_x,7168,0.0
custom/bbox_center_error_x,8192,0.0
custom/bbox_center_error_x,9216,0.0
custom/bbox_center_error_x,10240,0.0
custom/bbox_center_error_x,11264,0.0
custom/bbox_center_error_x,12288,0.0
custom/bbox_center_error_x,13312,0.0
custom/bbox_center_error_x,14336,0.0
custom/bbox_center_error_x,15360,0.0
custom/bbox_center_error_x,16384,0.0
custom/bbox_center_error_x,17408,0.0
custom/bbox_center_error_x,18432,0.0
custom/bbox_center_error_x,19456,0.0
custom/bbox_center_error_x,20480,0.0
custom/bbox_center_error_x,21504,0.0
custom/bbox_center_error_x,22528,0.0
custom/bbox_center_error_x,23552,0.0
custom/bbox_center_error_x,24576,0.0
custom/bbox_center_error_x,25600,0.0
custom/bbox_center_error_x,26624,0.0
custom/bbox_center_error_x,27648,0.0
custom/bbox_center_error_x,28672,0.0
custom/bbox_center_error_x,29696,0.0
custom/bbox_center_error_x,30720,0.0
custom/bbox_center_error_x,31744,0.0
custom/bbox_center_error_x,32768,0.0
custom/bbox_center_error_x,33792,0.0
custom/bbox_center_error_x,34816,0.0
custom/bbox_center_error_x,35840,0.0
custom/bbox_center_error_x,36864,0.0
custom/bbox_center_error_x,37888,0.0
custom/bbox_center_error_x,38912,0.0
custom/bbox_center_error_x,39936,0.0
custom/bbox_center_error_x,40960,0.0
custom/bbox_center_error_x,41984,0.0
custom/bbox_center_error_y,1024,0.0
custom/bbox_center_error_y,2048,0.0
custom/bbox_center_error_y,3072,0.0
custom/bbox_center_error_y,4096,0.0
custom/bbox_center_error_y,5120,0.0
custom/bbox_center_error_y,6144,0.0
custom/bbox_center_error_y,7168,0.0
custom/bbox_center_error_y,8192,0.0
custom/bbox_center_error_y,9216,0.0
custom/bbox_center_error_y,10240,0.0
custom/bbox_center_error_y,11264,0.0
custom/bbox_center_error_y,12288,0.0
custom/bbox_center_error_y,13312,0.0
custom/bbox_center_error_y,14336,0.0
custom/bbox_center_error_y,15360,0.0
custom/bbox_center_error_y,16384,0.0
custom/bbox_center_error_y,17408,0.0
custom/bbox_center_error_y,18432,0.0
custom/bbox_center_error_y,19456,0.0
custom/bbox_center_error_y,20480,0.0
custom/bbox_center_error_y,21504,0.0
custom/bbox_center_error_y,22528,0.0
custom/bbox_center_error_y,23552,0.0
custom/bbox_center_error_y,24576,0.0
custom/bbox_center_error_y,25600,0.0
custom/bbox_center_error_y,26624,0.0
custom/bbox_center_error_y,27648,0.0
custom/bbox_center_error_y,28672,0.0
custom/bbox_center_error_y,29696,0.0
custom/bbox_center_error_y,30720,0.0
custom/bbox_center_error_y,31744,0.0
custom/bbox_center_error_y,32768,0.0
custom/bbox_center_error_y,33792,0.0
custom/bbox_center_error_y,34816,0.0
custom/bbox_center_error_y,35840,0.0
custom/bbox_center_error_y,36864,0.0
custom/bbox_center_error_y,37888,0.0
custom/bbox_center_error_y,38912,0.0
custom/bbox_center_error_y,39936,0.0
custom/bbox_center_error_y,40960,0.0
custom/bbox_center_error_y,41984,0.0
custom/flight_smoothness,1024,1.0
custom/flight_smoothness,2048,1.0
custom/flight_smoothness,3072,1.0
custom/flight_smoothness,4096,1.0
custom/flight_smoothness,5120,1.0
custom/flight_smoothness,6144,1.0
custom/flight_smoothness,7168,1.0
custom/flight_smoothness,8192,1.0
custom/flight_smoothness,9216,1.0
custom/flight_smoothness,10240,1.0
custom/flight_smoothness,11264,1.0
custom/flight_smoothness,12288,1.0
custom/flight_smoothness,13312,1.0
custom/flight_smoothness,14336,1.0
custom/flight_smoothness,15360,1.0
custom/flight_smoothness,16384,1.0
custom/flight_smoothness,17408,1.0
custom/flight_smoothness,18432,1.0
custom/flight_smoothness,19456,1.0
custom/flight_smoothness,20480,1.0
custom/flight_smoothness,21504,1.0
custom/flight_smoothness,22528,1.0
custom/flight_smoothness,23552,1.0
custom/flight_smoothness,24576,1.0
custom/flight_smoothness,25600,1.0
custom/flight_smoothness,26624,1.0
custom/flight_smoothness,27648,1.0
custom/flight_smoothness,28672,1.0
custom/flight_smoothness,29696,1.0
custom/flight_smoothness,30720,1.0
custom/flight_smoothness,31744,1.0
custom/flight_smoothness,32768,1.0
custom/flight_smoothness,33792,1.0
custom/flight_smoothness,34816,0.5148237943649292
custom/flight_smoothness,35840,1.0
custom/flight_smoothness,36864,1.0
custom/flight_smoothness,37888,1.0
custom/flight_smoothness,38912,1.0
custom/flight_smoothness,39936,0.4089013636112213
custom/flight_smoothness,40960,1.0
custom/flight_smoothness,41984,1.0
custom/match_pct,1024,15.0
custom/match_pct,2048,15.116278648376465
custom/match_pct,3072,26.136363983154297
custom/match_pct,4096,17.33333396911621
custom/match_pct,5120,15.789473533630371
custom/match_pct,6144,11.11111068725586
custom/match_pct,7168,21.678321838378906
custom/match_pct,8192,13.88888931274414
custom/match_pct,9216,23.10344886779785
custom/match_pct,10240,26.89655113220215
custom/match_pct,11264,0.0
custom/match_pct,12288,18.75
custom/match_pct,13312,28.716903686523438
custom/match_pct,14336,13.559322357177734
custom/match_pct,15360,44.50261688232422
custom/match_pct,16384,31.325302124023438
custom/match_pct,17408,40.84821319580078
custom/match_pct,18432,0.0
custom/match_pct,19456,27.298851013183594
custom/match_pct,20480,8.69565200805664
custom/match_pct,21504,16.66666603088379
custom/match_pct,22528,46.61016845703125
custom/match_pct,23552,55.92286682128906
custom/match_pct,24576,40.81632614135742
custom/match_pct,25600,45.811519622802734
custom/match_pct,26624,0.0
custom/match_pct,27648,45.24714660644531
custom/match_pct,28672,63.139930725097656
custom/match_pct,29696,45.56074905395508
custom/match_pct,30720,18.0
custom/match_pct,31744,36.193031311035156
custom/match_pct,32768,47.826087951660156
custom/match_pct,33792,51.86915969848633
custom/match_pct,34816,61.080074310302734
custom/match_pct,35840,47.79874038696289
custom/match_pct,36864,23.756906509399414
custom/match_pct,37888,56.94444274902344
custom/match_pct,38912,16.129032135009766
custom/match_pct,39936,70.86092376708984
custom/match_pct,40960,72.80000305175781
custom/match_pct,41984,56.410255432128906
custom/none_pct,1024,7.5
custom/none_pct,2048,0.0
custom/none_pct,3072,0.0
custom/none_pct,4096,8.0
custom/none_pct,5120,12.280701637268066
custom/none_pct,6144,0.0
custom/none_pct,7168,0.0
custom/none_pct,8192,0.0
custom/none_pct,9216,1.3793103694915771
custom/none_pct,10240,0.0
custom/none_pct,11264,0.0
custom/none_pct,12288,0.0
custom/none_pct,13312,4.073319911956787
custom/none_pct,14336,0.0
custom/none_pct,15360,4.45026159286499
custom/none_pct,16384,0.0
custom/none_pct,17408,0.4464285671710968
custom/none_pct,18432,0.0
custom/none_pct,19456,0.0
custom/none_pct,20480,0.0
custom/none_pct,21504,0.0
custom/none_pct,22528,3.8135592937469482
custom/none_pct,23552,0.0
custom/none_pct,24576,7.871720314025879
custom/none_pct,25600,1.3089004755020142
custom/none_pct,26624,0.0
custom/none_pct,27648,3.802281379699707
custom/none_pct,28672,0.0
custom/none_pct,29696,0.0
custom/none_pct,30720,0.0
custom/none_pct,31744,2.1447720527648926
custom/none_pct,32768,0.0
custom/none_pct,33792,0.0
custom/none_pct,34816,0.7448789477348328
custom/none_pct,35840,0.0
custom/none_pct,36864,12.707181930541992
custom/none_pct,37888,0.7936508059501648
custom/none_pct,38912,0.0
custom/none_pct,39936,0.0
custom/none_pct,40960,0.0
custom/none_pct,41984,0.0
custom/pred_pct,1024,77.5
custom/pred_pct,2048,84.88372039794922
custom/pred_pct,3072,73.86363983154297
custom/pred_pct,4096,74.66666412353516
custom/pred_pct,5120,71.92982482910156
custom/pred_pct,6144,88.88888549804688
custom/pred_pct,7168,78.3216781616211
custom/pred_pct,8192,86.11111450195312
custom/pred_pct,9216,75.51724243164062
custom/pred_pct,10240,73.10344696044922
custom/pred_pct,11264,100.0
custom/pred_pct,12288,81.25
custom/pred_pct,13312,67.20977783203125
custom/pred_pct,14336,86.44068145751953
custom/pred_pct,15360,51.047119140625
custom/pred_pct,16384,68.67469787597656
custom/pred_pct,17408,58.70535659790039
custom/pred_pct,18432,100.0
custom/pred_pct,19456,72.7011489868164
custom/pred_pct,20480,91.3043441772461
custom/pred_pct,21504,83.33333587646484
custom/pred_pct,22528,49.576271057128906
custom/pred_pct,23552,44.07713317871094
custom/pred_pct,24576,51.311954498291016
custom/pred_pct,25600,52.879581451416016
custom/pred_pct,26624,100.0
custom/pred_pct,27648,50.95056915283203
custom/pred_pct,28672,36.860069274902344
custom/pred_pct,29696,54.43925094604492
custom/pred_pct,30720,82.0
custom/pred_pct,31744,61.66219711303711
custom/pred_pct,32768,52.173912048339844
custom/pred_pct,33792,48.13084030151367
custom/pred_pct,34816,38.175045013427734
custom/pred_pct,35840,52.20125961303711
custom/pred_pct,36864,63.535911560058594
custom/pred_pct,37888,42.261905670166016
custom/pred_pct,38912,83.87096405029297
custom/pred_pct,39936,29.13907241821289
custom/pred_pct,40960,27.200000762939453
custom/pred_pct,41984,43.589744567871094
custom/reward,1024,-21.320545196533203
custom/reward,2048,-26.961027145385742
custom/reward,3072,-29.74925994873047
custom/reward,4096,-30.096935272216797
custom/reward,5120,18.40899085998535
custom/reward,6144,-23.280776977539062
custom/reward,7168,-29.807106018066406
custom/reward,8192,46.135963439941406
custom/reward,9216,-30.107202529907227
custom/reward,10240,-31.333097457885742
custom/reward,11264,-29.525394439697266
custom/reward,12288,-26.881912231445312
custom/reward,13312,0.26073166728019714
custom/reward,14336,-29.47991371154785
custom/reward,15360,-36.82202911376953
custom/reward,16384,-13.468533515930176
custom/reward,17408,-30.41265296936035
custom/reward,18432,-16.82770347595215
custom/reward,19456,26.89556121826172
custom/reward,20480,-14.55792236328125
custom/reward,21504,-39.157047271728516
custom/reward,22528,-14.900575637817383
custom/reward,23552,-22.962923049926758
custom/reward,24576,-29.816579818725586
custom/reward,25600,7.242244243621826
custom/reward,26624,-29.63924217224121
custom/reward,27648,-38.41654586791992
custom/reward,28672,48.742122650146484
custom/reward,29696,57.2994384765625
custom/reward,30720,-11.05412769317627
custom/reward,31744,-29.73298454284668
custom/reward,32768,32.571868896484375
custom/reward,33792,-26.757747650146484
custom/reward,34816,102.89334869384766
custom/reward,35840,-50.30926513671875
custom/reward,36864,-29.55318832397461
custom/reward,37888,35.99979782104492
custom/reward,38912,-29.680479049682617
custom/reward,39936,109.77310943603516
custom/reward,40960,46.54753494262695
custom/reward,41984,20.861713409423828
custom/safety_intervention,1024,0.0
custom/safety_intervention,2048,0.0
custom/safety_intervention,3072,0.0
custom/safety_intervention,4096,0.0
custom/safety_intervention,5120,0.0
custom/safety_intervention,6144,0.0
custom/safety_intervention,7168,0.0
custom/safety_intervention,8192,0.0
custom/safety_intervention,9216,0.0
custom/safety_intervention,10240,0.0
custom/safety_intervention,11264,0.0
custom/safety_intervention,12288,0.0
custom/safety_intervention,13312,1.0
custom/safety_intervention,14336,0.0
custom/safety_intervention,15360,0.0
custom/safety_intervention,16384,0.0
custom/safety_intervention,17408,0.0
custom/safety_intervention,18432,0.0
custom/safety_intervention,19456,0.0
custom/safety_intervention,20480,0.0
custom/safety_intervention,21504,0.0
custom/safety_intervention,22528,0.0
custom/safety_intervention,23552,0.0
custom/safety_intervention,24576,0.0
custom/safety_intervention,25600,1.0
custom/safety_intervention,26624,0.0
custom/safety_intervention,27648,1.0
custom/safety_intervention,28672,1.0
custom/safety_intervention,29696,1.0
custom/safety_intervention,30720,0.0
custom/safety_intervention,31744,0.0
custom/safety_intervention,32768,1.0
custom/safety_intervention,33792,0.0
custom/safety_intervention,34816,1.0
custom/safety_intervention,35840,1.0
custom/safety_intervention,36864,0.0
custom/safety_intervention,37888,0.0
custom/safety_intervention,38912,0.0
custom/safety_intervention,39936,0.0
custom/safety_intervention,40960,1.0
custom/safety_intervention,41984,0.0
rollout/ep_len_mean,1024,164.0
rollout/ep_len_mean,2048,130.8000030517578
rollout/ep_len_mean,3072,157.05262756347656
rollout/ep_len_mean,4096,151.83999633789062
rollout/ep_len_mean,5120,156.4375
rollout/ep_len_mean,6144,180.44117736816406
rollout/ep_len_mean,7168,180.12820434570312
rollout/ep_len_mean,8192,184.5454559326172
rollout/ep_len_mean,9216,185.9583282470703
rollout/ep_len_mean,10240,183.5454559326172
rollout/ep_len_mean,11264,178.6984100341797
rollout/ep_len_mean,12288,183.1641845703125
rollout/ep_len_mean,13312,185.8115997314453
rollout/ep_len_mean,14336,198.2916717529297
rollout/ep_len_mean,15360,205.17808532714844
rollout/ep_len_mean,16384,210.62338256835938
rollout/ep_len_mean,17408,209.38272094726562
rollout/ep_len_mean,18432,216.76470947265625
rollout/ep_len_mean,19456,219.63218688964844
rollout/ep_len_mean,20480,224.8022003173828
rollout/ep_len_mean,21504,223.75
rollout/ep_len_mean,22528,219.14999389648438
rollout/ep_len_mean,23552,225.35000610351562
rollout/ep_len_mean,24576,231.47999572753906
rollout/ep_len_mean,25600,240.6300048828125
rollout/ep_len_mean,26624,250.75
rollout/ep_len_mean,27648,256.69000244140625
rollout/ep_len_mean,28672,263.1700134277344
rollout/ep_len_mean,29696,270.8900146484375
rollout/ep_len_mean,30720,279.07000732421875
rollout/ep_len_mean,31744,283.8699951171875
rollout/ep_len_mean,32768,290.489990234375
rollout/ep_len_mean,33792,299.3900146484375
rollout/ep_len_mean,34816,304.8299865722656
rollout/ep_len_mean,35840,313.2300109863281
rollout/ep_len_mean,36864,320.6199951171875
rollout/ep_len_mean,37888,325.29998779296875
rollout/ep_len_mean,38912,327.4599914550781
rollout/ep_len_mean,39936,331.8500061035156
rollout/ep_len_mean,40960,336.9100036621094
rollout/ep_len_mean,41984,345.760009765625
rollout/ep_rew_mean,1024,-3221.501953125
rollout/ep_rew_mean,2048,-2566.138671875
rollout/ep_rew_mean,3072,-2957.201416015625
rollout/ep_rew_mean,4096,-2994.48046875
rollout/ep_rew_mean,5120,-3151.06689453125
rollout/ep_rew_mean,6144,-3460.49169921875
rollout/ep_rew_mean,7168,-3507.195556640625
rollout/ep_rew_mean,8192,-3561.2236328125
rollout/ep_rew_mean,9216,-3487.185302734375
rollout/ep_rew_mean,10240,-3417.9326171875
rollout/ep_rew_mean,11264,-3306.364990234375
rollout/ep_rew_mean,12288,-3288.176513671875
rollout/ep_rew_mean,13312,-3254.807861328125
rollout/ep_rew_mean,14336,-3272.781005859375
rollout/ep_rew_mean,15360,-3242.442626953125
rollout/ep_rew_mean,16384,-3214.205322265625
rollout/ep_rew_mean,17408,-3226.14453125
rollout/ep_rew_mean,18432,-3241.416259765625
rollout/ep_rew_mean,19456,-3179.199951171875
rollout/ep_rew_mean,20480,-3127.21728515625
rollout/ep_rew_mean,21504,-3037.00830078125
rollout/ep_rew_mean,22528,-2934.6611328125
rollout/ep_rew_mean,23552,-2883.0341796875
rollout/ep_rew_mean,24576,-2799.246826171875
rollout/ep_rew_mean,25600,-2763.795166015625
rollout/ep_rew_mean,26624,-2607.22705078125
rollout/ep_rew_mean,27648,-2488.52587890625
rollout/ep_rew_mean,28672,-2391.7763671875
rollout/ep_rew_mean,29696,-2279.48095703125
rollout/ep_rew_mean,30720,-2185.520751953125
rollout/ep_rew_mean,31744,-2118.354248046875
rollout/ep_rew_mean,32768,-1933.3690185546875
rollout/ep_rew_mean,33792,-1811.142822265625
rollout/ep_rew_mean,34816,-1667.8603515625
rollout/ep_rew_mean,35840,-1282.88818359375
rollout/ep_rew_mean,36864,-1152.935791015625
rollout/ep_rew_mean,37888,-1017.276611328125
rollout/ep_rew_mean,38912,-568.1387939453125
rollout/ep_rew_mean,39936,-345.3197937011719
rollout/ep_rew_mean,40960,-67.95940399169922
rollout/ep_rew_mean,41984,368.2187805175781
time/fps,1024,3.0
time/fps,2048,3.0
time/fps,3072,3.0
time/fps,4096,3.0
time/fps,5120,3.0
time/fps,6144,3.0
time/fps,7168,3.0
time/fps,8192,3.0
time/fps,9216,3.0
time/fps,10240,3.0
time/fps,11264,3.0
time/fps,12288,3.0
time/fps,13312,3.0
time/fps,14336,3.0
time/fps,15360,3.0
time/fps,16384,3.0
time/fps,17408,3.0
time/fps,18432,3.0
time/fps,19456,3.0
time/fps,20480,3.0
time/fps,21504,3.0
time/fps,22528,3.0
time/fps,23552,3.0
time/fps,24576,4.0
time/fps,25600,4.0
time/fps,26624,4.0
time/fps,27648,4.0
time/fps,28672,4.0
time/fps,29696,4.0
time/fps,30720,4.0
time/fps,31744,4.0
time/fps,32768,4.0
time/fps,33792,4.0
time/fps,34816,4.0
time/fps,35840,4.0
time/fps,36864,4.0
time/fps,37888,4.0
time/fps,38912,4.0
time/fps,39936,4.0
time/fps,40960,4.0
time/fps,41984,4.0
train/approx_kl,2048,0.005033028312027454
train/approx_kl,3072,0.0065351566299796104
train/approx_kl,4096,0.0029088417068123817
train/approx_kl,5120,0.00424964539706707
train/approx_kl,6144,0.0049451543018221855
train/approx_kl,7168,0.00752139650285244
train/approx_kl,8192,0.003223031060770154
train/approx_kl,9216,0.004623361863195896
train/approx_kl,10240,0.0043931701220571995
train/approx_kl,11264,0.001952707883901894
train/approx_kl,12288,0.006017305888235569
train/approx_kl,13312,0.006625414360314608
train/approx_kl,14336,0.006309713236987591
train/approx_kl,15360,0.005479497369378805
train/approx_kl,16384,0.007642635144293308
train/approx_kl,17408,0.0006161240744404495
train/approx_kl,18432,0.00042181566823273897
train/approx_kl,19456,0.0009465280454605818
train/approx_kl,20480,0.001920508686453104
train/approx_kl,21504,0.004215072840452194
train/approx_kl,22528,0.004539093933999538
train/approx_kl,23552,0.003904428333044052
train/approx_kl,24576,0.0021242154762148857
train/approx_kl,25600,0.00038138305535539985
train/approx_kl,26624,0.0017761641647666693
train/approx_kl,27648,0.0003617056063376367
train/approx_kl,28672,0.001279673888348043
train/approx_kl,29696,0.00036131287924945354
train/approx_kl,30720,0.00011946400627493858
train/approx_kl,31744,0.002149794017896056
train/approx_kl,32768,0.001269449247047305
train/approx_kl,33792,0.001345810480415821
train/approx_kl,34816,0.00137008773162961
train/approx_kl,35840,0.00020269857486709952
train/approx_kl,36864,0.00045096303801983595
train/approx_kl,37888,3.881019074469805e-05
train/approx_kl,38912,0.0011699383612722158
train/approx_kl,39936,0.0004548717406578362
train/approx_kl,40960,0.00036142836324870586
train/approx_kl,41984,0.000278791761957109
train/clip_fraction,2048,0.012890624813735485
train/clip_fraction,3072,0.01748046837747097
train/clip_fraction,4096,0.0016601562965661287
train/clip_fraction,5120,0.006054687313735485
train/clip_fraction,6144,0.0087890625
train/clip_fraction,7168,0.0263671875
train/clip_fraction,8192,0.0040039061568677425
train/clip_fraction,9216,0.00830078125
train/clip_fraction,10240,0.008007812313735485
train/clip_fraction,11264,0.0006835937383584678
train/clip_fraction,12288,0.01552734337747097
train/clip_fraction,13312,0.02216796949505806
train/clip_fraction,14336,0.02421874925494194
train/clip_fraction,15360,0.04697265475988388
train/clip_fraction,16384,0.09921874850988388
train/clip_fraction,17408,0.0
train/clip_fraction,18432,0.0
train/clip_fraction,19456,0.0
train/clip_fraction,20480,0.0
train/clip_fraction,21504,0.0059570311568677425
train/clip_fraction,22528,0.006640625186264515
train/clip_fraction,23552,0.0059570311568677425
train/clip_fraction,24576,0.0003906250058207661
train/clip_fraction,25600,0.0
train/clip_fraction,26624,0.0003906250058207661
train/clip_fraction,27648,0.0
train/clip_fraction,28672,0.0
train/clip_fraction,29696,0.0
train/clip_fraction,30720,0.0
train/clip_fraction,31744,0.0003906250058207661
train/clip_fraction,32768,9.765625145519152e-05
train/clip_fraction,33792,0.0
train/clip_fraction,34816,0.0
train/clip_fraction,35840,0.0
train/clip_fraction,36864,0.0
train/clip_fraction,37888,0.0
train/clip_fraction,38912,0.0
train/clip_fraction,39936,0.0
train/clip_fraction,40960,0.0
train/clip_fraction,41984,0.0
train/clip_range,2048,0.20000000298023224
train/clip_range,3072,0.20000000298023224
train/clip_range,4096,0.20000000298023224
train/clip_range,5120,0.20000000298023224
train/clip_range,6144,0.20000000298023224
train/clip_range,7168,0.20000000298023224
train/clip_range,8192,0.20000000298023224
train/clip_range,9216,0.20000000298023224
train/clip_range,10240,0.20000000298023224
train/clip_range,11264,0.20000000298023224
train/clip_range,12288,0.20000000298023224
train/clip_range,13312,0.20000000298023224
train/clip_range,14336,0.20000000298023224
train/clip_range,15360,0.20000000298023224
train/clip_range,16384,0.20000000298023224
train/clip_range,17408,0.20000000298023224
train/clip_range,18432,0.20000000298023224
train/clip_range,19456,0.20000000298023224
train/clip_range,20480,0.20000000298023224
train/clip_range,21504,0.20000000298023224
train/clip_range,22528,0.20000000298023224
train/clip_range,23552,0.20000000298023224
train/clip_range,24576,0.20000000298023224
train/clip_range,25600,0.20000000298023224
train/clip_range,26624,0.20000000298023224
train/clip_range,27648,0.20000000298023224
train/clip_range,28672,0.20000000298023224
train/clip_range,29696,0.20000000298023224
train/clip_range,30720,0.20000000298023224
train/clip_range,31744,0.20000000298023224
train/clip_range,32768,0.20000000298023224
train/clip_range,33792,0.20000000298023224
train/clip_range,34816,0.20000000298023224
train/clip_range,35840,0.20000000298023224
train/clip_range,36864,0.20000000298023224
train/clip_range,37888,0.20000000298023224
train/clip_range,38912,0.20000000298023224
train/clip_range,39936,0.20000000298023224
train/clip_range,40960,0.20000000298023224
train/clip_range,41984,0.20000000298023224
train/entropy_loss,2048,-5.682713985443115
train/entropy_loss,3072,-5.687605857849121
train/entropy_loss,4096,-5.681184768676758
train/entropy_loss,5120,-5.680678367614746
train/entropy_loss,6144,-5.678363800048828
train/entropy_loss,7168,-5.676422595977783
train/entropy_loss,8192,-5.676787853240967
train/entropy_loss,9216,-5.6738762855529785
train/entropy_loss,10240,-5.670421123504639
train/entropy_loss,11264,-5.670255184173584
train/entropy_loss,12288,-5.665180206298828
train/entropy_loss,13312,-5.656254768371582
train/entropy_loss,14336,-5.647869110107422
train/entropy_loss,15360,-5.644684314727783
train/entropy_loss,16384,-5.619724273681641
train/entropy_loss,17408,-5.598560810089111
train/entropy_loss,18432,-5.596570014953613
train/entropy_loss,19456,-5.596255779266357
train/entropy_loss,20480,-5.596950054168701
train/entropy_loss,21504,-5.597475528717041
train/entropy_loss,22528,-5.599825859069824
train/entropy_loss,23552,-5.599435806274414
train/entropy_loss,24576,-5.594022274017334
train/entropy_loss,25600,-5.591534614562988
train/entropy_loss,26624,-5.591429710388184
train/entropy_loss,27648,-5.592533111572266
train/entropy_loss,28672,-5.590949535369873
train/entropy_loss,29696,-5.5899481773376465
train/entropy_loss,30720,-5.592213153839111
train/entropy_loss,31744,-5.59300422668457
train/entropy_loss,32768,-5.592119216918945
train/entropy_loss,33792,-5.588349342346191
train/entropy_loss,34816,-5.58674955368042
train/entropy_loss,35840,-5.584290504455566
train/entropy_loss,36864,-5.581975936889648
train/entropy_loss,37888,-5.582028388977051
train/entropy_loss,38912,-5.580990314483643
train/entropy_loss,39936,-5.578382968902588
train/entropy_loss,40960,-5.575398921966553
train/entropy_loss,41984,-5.573481559753418
train/explained_variance,2048,0.00039887428283691406
train/explained_variance,3072,0.0010634064674377441
train/explained_variance,4096,-0.0006604194641113281
train/explained_variance,5120,0.0005308389663696289
train/explained_variance,6144,0.00019240379333496094
train/explained_variance,7168,9.21487808227539e-05
train/explained_variance,8192,0.0004280209541320801
train/explained_variance,9216,-0.00011920928955078125
train/explained_variance,10240,7.522106170654297e-05
train/explained_variance,11264,1.8715858459472656e-05
train/explained_variance,12288,-3.707408905029297e-05
train/explained_variance,13312,-9.655952453613281e-06
train/explained_variance,14336,8.344650268554688e-07
train/explained_variance,15360,7.12275505065918e-05
train/explained_variance,16384,6.771087646484375e-05
train/explained_variance,17408,0.0007578134536743164
train/explained_variance,18432,0.002014636993408203
train/explained_variance,19456,0.0022242069244384766
train/explained_variance,20480,0.00033015012741088867
train/explained_variance,21504,0.000818789005279541
train/explained_variance,22528,0.0035684704780578613
train/explained_variance,23552,0.005594313144683838
train/explained_variance,24576,0.01096254587173462
train/explained_variance,25600,0.02913123369216919
train/explained_variance,26624,0.03548699617385864
train/explained_variance,27648,0.04132509231567383
train/explained_variance,28672,0.036485910415649414
train/explained_variance,29696,0.0205114483833313
train/explained_variance,30720,0.029202640056610107
train/explained_variance,31744,0.05874204635620117
train/explained_variance,32768,0.0677640438079834
train/explained_variance,33792,0.07388180494308472
train/explained_variance,34816,0.057017982006073
train/explained_variance,35840,0.018229365348815918
train/explained_variance,36864,0.04390829801559448
train/explained_variance,37888,0.06916069984436035
train/explained_variance,38912,0.08022177219390869
train/explained_variance,39936,0.06558752059936523
train/explained_variance,40960,0.07603198289871216
train/explained_variance,41984,0.03975421190261841
train/learning_rate,2048,0.0003000000142492354
train/learning_rate,3072,0.0003000000142492354
train/learning_rate,4096,0.0003000000142492354
train/learning_rate,5120,0.0003000000142492354
train/learning_rate,6144,0.0003000000142492354
train/learning_rate,7168,0.0003000000142492354
train/learning_rate,8192,0.0003000000142492354
train/learning_rate,9216,0.0003000000142492354
train/learning_rate,10240,0.0003000000142492354
train/learning_rate,11264,0.0003000000142492354
train/learning_rate,12288,0.0003000000142492354
train/learning_rate,13312,0.0003000000142492354
train/learning_rate,14336,0.0003000000142492354
train/learning_rate,15360,0.0003000000142492354
train/learning_rate,16384,0.0003000000142492354
train/learning_rate,17408,0.0003000000142492354
train/learning_rate,18432,0.0003000000142492354
train/learning_rate,19456,0.0003000000142492354
train/learning_rate,20480,0.0003000000142492354
train/learning_rate,21504,0.0003000000142492354
train/learning_rate,22528,0.0003000000142492354
train/learning_rate,23552,0.0003000000142492354
train/learning_rate,24576,0.0003000000142492354
train/learning_rate,25600,0.0003000000142492354
train/learning_rate,26624,0.0003000000142492354
train/learning_rate,27648,0.0003000000142492354
train/learning_rate,28672,0.0003000000142492354
train/learning_rate,29696,0.0003000000142492354
train/learning_rate,30720,0.0003000000142492354
train/learning_rate,31744,0.0003000000142492354
train/learning_rate,32768,0.0003000000142492354
train/learning_rate,33792,0.0003000000142492354
train/learning_rate,34816,0.0003000000142492354
train/learning_rate,35840,0.0003000000142492354
train/learning_rate,36864,0.0003000000142492354
train/learning_rate,37888,0.0003000000142492354
train/learning_rate,38912,0.0003000000142492354
train/learning_rate,39936,0.0003000000142492354
train/learning_rate,40960,0.0003000000142492354
train/learning_rate,41984,0.0003000000142492354
train/loss,2048,51402.22265625
train/loss,3072,52057.8203125
train/loss,4096,42466.765625
train/loss,5120,61606.90625
train/loss,6144,59196.23046875
train/loss,7168,42003.86328125
train/loss,8192,56715.4453125
train/loss,9216,49365.96875
train/loss,10240,38190.50390625
train/loss,11264,52232.22265625
train/loss,12288,49626.26171875
train/loss,13312,48186.87109375
train/loss,14336,32503.14453125
train/loss,15360,51925.078125
train/loss,16384,71198.234375
train/loss,17408,41237.59765625
train/loss,18432,46919.15234375
train/loss,19456,42859.5
train/loss,20480,43511.01953125
train/loss,21504,73422.53125
train/loss,22528,38641.7890625
train/loss,23552,40454.66015625
train/loss,24576,41544.36328125
train/loss,25600,45670.51953125
train/loss,26624,26864.12890625
train/loss,27648,47362.578125
train/loss,28672,57620.9453125
train/loss,29696,62982.80859375
train/loss,30720,39520.67578125
train/loss,31744,38146.91796875
train/loss,32768,32277.56640625
train/loss,33792,83188.796875
train/loss,34816,42673.3984375
train/loss,35840,87147.0546875
train/loss,36864,114344.46875
train/loss,37888,76579.9921875
train/loss,38912,91749.765625
train/loss,39936,143077.484375
train/loss,40960,164366.5625
train/loss,41984,154729.78125
train/policy_gradient_loss,2048,-0.004002158064395189
train/policy_gradient_loss,3072,-0.005324320401996374
train/policy_gradient_loss,4096,-0.0027139349840581417
train/policy_gradient_loss,5120,-0.003647225210443139
train/policy_gradient_loss,6144,-0.0044504753313958645
train/policy_gradient_loss,7168,-0.00628022151067853
train/policy_gradient_loss,8192,-0.003478203434497118
train/policy_gradient_loss,9216,-0.004185347817838192
train/policy_gradient_loss,10240,-0.004101382568478584
train/policy_gradient_loss,11264,-0.0017972292844206095
train/policy_gradient_loss,12288,-0.004918046295642853
train/policy_gradient_loss,13312,-0.005982182454317808
train/policy_gradient_loss,14336,-0.005779669154435396
train/policy_gradient_loss,15360,-0.007143430411815643
train/policy_gradient_loss,16384,-0.0117386719211936
train/policy_gradient_loss,17408,-0.0017899161903187633
train/policy_gradient_loss,18432,-0.0011536972597241402
train/policy_gradient_loss,19456,-0.002028300194069743
train/policy_gradient_loss,20480,-0.0022455421276390553
train/policy_gradient_loss,21504,-0.003692453494295478
train/policy_gradient_loss,22528,-0.003966204356402159
train/policy_gradient_loss,23552,-0.0033972610253840685
train/policy_gradient_loss,24576,-0.0037276395596563816
train/policy_gradient_loss,25600,-0.0009119872120209038
train/policy_gradient_loss,26624,-0.00252376776188612
train/policy_gradient_loss,27648,-0.001054333639331162
train/policy_gradient_loss,28672,-0.002455742098391056
train/policy_gradient_loss,29696,-0.0013775330735370517
train/policy_gradient_loss,30720,-0.0006114104180596769
train/policy_gradient_loss,31744,-0.002715428825467825
train/policy_gradient_loss,32768,-0.0026851787697523832
train/policy_gradient_loss,33792,-0.0021469779312610626
train/policy_gradient_loss,34816,-0.002069525420665741
train/policy_gradient_loss,35840,-0.0004473334993235767
train/policy_gradient_loss,36864,-0.0011502737179398537
train/policy_gradient_loss,37888,-0.00040363642619922757
train/policy_gradient_loss,38912,-0.0030249920673668385
train/policy_gradient_loss,39936,-0.001184692489914596
train/policy_gradient_loss,40960,-0.0011898436350747943
train/policy_gradient_loss,41984,-0.0009341675904579461
train/std,2048,1.0032987594604492
train/std,3072,1.001796007156372
train/std,4096,1.001321792602539
train/std,5120,1.001044511795044
train/std,6144,1.0000978708267212
train/std,7168,1.0003865957260132
train/std,8192,1.0001312494277954
train/std,9216,0.9987533092498779
train/std,10240,0.9989920854568481
train/std,11264,0.9981769323348999
train/std,12288,0.9965859651565552
train/std,13312,0.9936922192573547
train/std,14336,0.9930935502052307
train/std,15360,0.9921576380729675
train/std,16384,0.9820833206176758
train/std,17408,0.980915367603302
train/std,18432,0.9806350469589233
train/std,19456,0.980880081653595
train/std,20480,0.9808802604675293
train/std,21504,0.9812049865722656
train/std,22528,0.981882631778717
train/std,23552,0.9806049466133118
train/std,24576,0.9797168374061584
train/std,25600,0.979412317276001
train/std,26624,0.9798216819763184
train/std,27648,0.9798142910003662
train/std,28672,0.9791221618652344
train/std,29696,0.9796146154403687
train/std,30720,0.9799039363861084
train/std,31744,0.9801850318908691
train/std,32768,0.9792711734771729
train/std,33792,0.9787328839302063
train/std,34816,0.9783743619918823
train/std,35840,0.9775221943855286
train/std,36864,0.9774495363235474
train/std,37888,0.9773726463317871
train/std,38912,0.9769455194473267
train/std,39936,0.9761094450950623
train/std,40960,0.9756650328636169
train/std,41984,0.9750565886497498
train/value_loss,2048,102750.7890625
train/value_loss,3072,110870.4609375
train/value_loss,4096,86490.3828125
train/value_loss,5120,126008.296875
train/value_loss,6144,117696.2109375
train/value_loss,7168,84099.7109375
train/value_loss,8192,109262.0859375
train/value_loss,9216,102766.0703125
train/value_loss,10240,79797.8984375
train/value_loss,11264,100443.296875
train/value_loss,12288,97596.390625
train/value_loss,13312,95527.734375
train/value_loss,14336,60732.77734375
train/value_loss,15360,105183.5546875
train/value_loss,16384,148073.875
train/value_loss,17408,80226.5546875
train/value_loss,18432,89328.1015625
train/value_loss,19456,85164.4765625
train/value_loss,20480,82708.3984375
train/value_loss,21504,140488.515625
train/value_loss,22528,84569.0234375
train/value_loss,23552,80314.671875
train/value_loss,24576,78393.6796875
train/value_loss,25600,89331.171875
train/value_loss,26624,57053.21484375
train/value_loss,27648,98513.859375
train/value_loss,28672,123334.6015625
train/value_loss,29696,115828.7421875
train/value_loss,30720,96454.3125
train/value_loss,31744,80884.421875
train/value_loss,32768,69231.9140625
train/value_loss,33792,148206.578125
train/value_loss,34816,87614.7265625
train/value_loss,35840,184959.53125
train/value_loss,36864,234241.53125
train/value_loss,37888,147683.828125
train/value_loss,38912,188136.53125
train/value_loss,39936,291012.09375
train/value_loss,40960,320392.46875
train/value_loss,41984,303657.25
