run_id,attempt,attempt_started_at,target_label,target_physical_area_m2,target_width_m,target_length_m,initial_altitude_m,success,physical_contact,landing_accepted,rpc_latch_success,termination_reason,failure_reason,error_type,error_message,total_flight_steps,agent1_prepare_steps,cooperative_landing_steps,total_flight_duration_s,handoff_step,handoff_time_s,terminal_steps,terminal_duration_s,total_reward,agent1_match_percent_full_flight,agent1_pred_percent_full_flight,agent1_lost_percent_full_flight,bottom_live_match_percent_full_flight,bottom_confirmed_match_percent_full_flight,bottom_live_match_percent_landing_phase,bottom_confirmed_match_percent_landing_phase,bottom_pred_percent_landing_phase,bottom_lost_percent_landing_phase,landing_xy_euclidean_error_m,landing_xy_error_source,collision_xy_threshold_m,center_error_norm_first,center_error_norm_mean,center_error_norm_median,center_error_norm_best,center_error_norm_final,bottom_similarity_mean,bottom_similarity_best,bottom_similarity_final,target_bbox_area_norm_first,target_bbox_area_norm_handoff,target_bbox_area_norm_mean,target_bbox_area_norm_max,target_bbox_area_norm_final,range_valid_percent,range_reliable_percent,minimum_range_m,median_range_m,maximum_reliable_range_spread_m,descent_steps,hold_steps,climb_steps,average_horizontal_speed_mps,maximum_horizontal_speed_mps,average_vertical_command_mps,maximum_descent_command_mps,maximum_climb_command_mps,contact_similarity,contact_corner_similarity,contact_similarity_margin,target_collision_object,target_collision_matches_expected,agent1_model_sha256,agent2_model_sha256,models_unchanged_after_attempt
20260805_180000,1,2026-08-05T18:00:01,BMW_X6M_Scale_0.75,,,,3.0,1,1,1,1,landing_collision_success,,,,95,53,42,65.85999999986961,36,57.0,7,8.859999999869615,8005.382454159196,96.84210526315789,3.1578947368421053,0.0,88.42105263157895,70.52631578947368,90.47619047619048,88.0952380952381,9.523809523809524,0.0,0.2298483158041592,collision_xy_combined,0.45,0.0,0.1881111446829302,0.13180107953060335,0.0,0.23030817878674872,0.8538595065837522,0.9855602383613586,0.7579084634780884,0.03259982638888889,0.20541443561778847,0.10086968946598104,0.20541443561778847,0.19524716137742265,88.0952380952381,80.95238095238095,0.053237139515027586,1.735579891552737,0.09151626571183824,35,7,0,1.0034838703169893,1.6,0.1418921757950669,0.35,,0.7579085826873779,0.679357647895813,0.07855093479156494,BP_X6M_C_1,1,c228b69f45473525ee98381dab957a720389a8a020c15da11c2a06b1fff37c75,f71a82307640a718a7d07163a1f2b31719417336f96d218a1f85141f0900fca7,1
20260805_180000,2,2026-08-05T18:01:06,BMW_X6M_Scale_0.75,,,,3.0,1,1,1,1,landing_collision_success,,,,117,71,46,75.75,39,66.39099999982864,8,9.359000000171363,8004.348714819647,98.2905982905983,1.7094017094017093,0.0,93.16239316239316,76.92307692307692,95.65217391304348,93.47826086956522,4.3478260869565215,0.0,0.06502103414340595,collision_xy_combined,0.45,0.0,0.16959963699000105,0.11270865172063427,0.0,0.11270865172063427,0.8659612904113367,0.9846007823944092,0.7182091474533081,0.028103298611111112,0.19104800728100432,0.10077085513146922,0.1914823323991422,0.1914823323991422,93.47826086956522,86.95652173913044,0.14723640751403239,1.5557258458335719,0.22003243435438646,43,3,0,1.031808416480353,1.6,0.12272291909903284,0.35,,0.7265845537185669,0.6359801292419434,0.09060442447662354,BP_X6M_C_1,1,c228b69f45473525ee98381dab957a720389a8a020c15da11c2a06b1fff37c75,f71a82307640a718a7d07163a1f2b31719417336f96d218a1f85141f0900fca7,1
20260805_180000,3,2026-08-05T18:02:22,BMW_X6M_Scale_0.75,,,,3.0,1,1,1,1,landing_collision_success,,,,120,69,51,79.0319999998901,34,63.234999999869615,18,15.797000000020489,8003.521082083918,100.0,0.0,0.0,90.0,72.5,88.23529411764706,76.47058823529412,11.764705882352942,0.0,0.1598601202086593,collision_xy_combined,0.45,0.0,0.2719663100266483,0.14675490939139244,0.0,0.057560396688828584,0.8538882403453011,0.9836594462394714,0.8015016317367554,0.024076967592592594,0.19272833547536458,0.09380771615249343,0.19272833547536458,0.17113369918746077,86.27450980392157,70.58823529411765,0.07911034409488843,1.434943770974241,0.23732338585430401,38,13,0,0.917323282557993,1.6,0.10741459939847971,0.35,,0.8015016317367554,0.7402471899986267,0.06125444173812866,BP_X6M_C_1,1,c228b69f45473525ee98381dab957a720389a8a020c15da11c2a06b1fff37c75,f71a82307640a718a7d07163a1f2b31719417336f96d218a1f85141f0900fca7,1
20260805_180000,4,2026-08-05T18:03:41,BMW_X6M_Scale_0.75,,,,3.0,1,1,1,1,landing_collision_success,,,,106,61,45,73.32799999997951,33,60.25,13,13.077999999979511,8004.635686601536,100.0,0.0,0.0,90.56603773584905,77.35849056603773,91.11111111111111,82.22222222222223,8.88888888888889,0.0,0.18471187091966437,collision_xy_combined,0.45,0.0,0.23797914977315776,0.11467378584704452,0.0,0.7310404258415643,0.8510923816602561,0.9854139089584351,0.6878962516784668,0.027144097222222222,0.17851850757987653,0.08958331518754553,0.17998924388517076,0.06124445020341598,97.77777777777777,84.44444444444444,0.05506048456636267,1.3216316151475611,0.2414897010006718,43,2,0,1.0226203927228177,2.1549103507216083,0.15287583673828176,0.35,,0.6591832637786865,0.6413040161132812,0.017879247665405273,BP_X6M_C_1,1,c228b69f45473525ee98381dab957a720389a8a020c15da11c2a06b1fff37c75,f71a82307640a718a7d07163a1f2b31719417336f96d218a1f85141f0900fca7,1
20260805_180000,5,2026-08-05T18:04:55,BMW_X6M_Scale_0.75,,,,3.0,1,1,1,1,landing_collision_success,,,,106,64,42,75.89000000013039,31,63.890000000130385,12,12.0,8004.902314819725,96.22641509433963,3.7735849056603774,0.0,91.50943396226415,75.47169811320755,88.0952380952381,80.95238095238095,11.904761904761905,0.0,0.23814427008908537,collision_xy_combined,0.45,0.0,0.16753376431369088,0.08755911734476475,0.0,0.06976874427040652,0.8626727905921153,0.9825630187988281,0.7196288108825684,0.029137731481481483,0.18349926993178997,0.09687428298423519,0.18630655958762804,0.18630655958762804,90.47619047619048,85.71428571428571,0.08588572737194994,1.6701125923118703,0.2437407385124185,40,2,0,0.9516780618056023,1.6,0.14070779107333645,0.35,,0.722630500793457,0.6976672410964966,0.02496325969696045,BP_X6M_C_1,1,c228b69f45473525ee98381dab957a720389a8a020c15da11c2a06b1fff37c75,f71a82307640a718a7d07163a1f2b31719417336f96d218a1f85141f0900fca7,1
20260805_180000,6,2026-08-05T18:06:11,BMW_X6M_Scale_0.75,,,,3.0,1,1,1,1,landing_collision_success,,,,109,70,39,77.125,34,68.84400000004098,6,8.280999999959022,8004.924330806089,97.24770642201835,2.7522935779816513,0.0,91.74311926605505,75.22935779816514,92.3076923076923,84.61538461538461,7.6923076923076925,0.0,0.0511826195563902,collision_xy_combined,0.45,0.0,0.17726157788300273,0.0909713378547308,0.0,0.03339934765238982,0.8570834280141018,0.9840186238288879,0.7657541036605835,0.0274609375,0.17032661305756644,0.09151774241587857,0.1704671518829949,0.1704671518829949,94.87179487179488,94.87179487179488,0.07452979451018284,1.5268808676247991,0.23137216058698495,38,1,0,0.9976553103120042,1.6,0.16075171495286314,0.35,,0.7657541036605835,0.7107859253883362,0.054968178272247314,BP_X6M_C_1,1,c228b69f45473525ee98381dab957a720389a8a020c15da11c2a06b1fff37c75,f71a82307640a718a7d07163a1f2b31719417336f96d218a1f85141f0900fca7,1
20260805_180000,7,2026-08-05T18:07:28,BMW_X6M_Scale_0.75,,,,3.0,1,1,1,1,landing_collision_success,,,,104,61,43,74.70299999997951,28,59.35899999993853,16,15.344000000040978,8005.767153190106,99.03846153846153,0.9615384615384616,0.0,92.3076923076923,75.0,95.34883720930233,93.02325581395348,4.651162790697675,0.0,0.08737438956089903,collision_xy_combined,0.45,0.0,0.1901592799519326,0.08772293029761374,0.0,0.05883510079003705,0.8619501888955019,0.9844106435775757,0.6989960670471191,0.031351273148148145,0.20131800406350353,0.10800504937818119,0.2185996292089112,0.21809810560878895,79.06976744186046,74.4186046511628,0.07924345636367519,1.6882940718161144,0.2046976069656692,37,6,0,0.9158728903833157,1.6,0.13064908515748588,0.35,,0.6862599849700928,0.7011699676513672,-0.014909982681274414,BP_X6M_C_1,1,c228b69f45473525ee98381dab957a720389a8a020c15da11c2a06b1fff37c75,f71a82307640a718a7d07163a1f2b31719417336f96d218a1f85141f0900fca7,1
20260805_180000,8,2026-08-05T18:08:42,BMW_X6M_Scale_0.75,,,,3.0,1,1,1,1,landing_collision_success,,,,113,66,47,78.04700000002049,43,70.81200000015087,5,7.234999999869615,8003.716760732391,95.57522123893806,4.424778761061947,0.0,90.26548672566372,75.22123893805309,91.48936170212765,82.97872340425532,8.51063829787234,0.0,0.1448665311644112,collision_xy_combined,0.45,0.0,0.2004190502360521,0.11070130912462132,0.0,0.0591715976688057,0.8614979229724871,0.9865014553070068,0.739843487739563,0.0234375,0.19220846530236654,0.10402059538243691,0.19222442107528978,0.19222442107528978,93.61702127659575,87.23404255319149,0.12073655724229136,1.464853819176426,0.1748578847948714,39,8,0,0.9735781888313021,1.6,0.118241300777869,0.35,,0.739843487739563,0.6778043508529663,0.06203913688659668,BP_X6M_C_1,1,c228b69f45473525ee98381dab957a720389a8a020c15da11c2a06b1fff37c75,f71a82307640a718a7d07163a1f2b31719417336f96d218a1f85141f0900fca7,1
20260805_180000,9,2026-08-05T18:10:00,BMW_X6M_Scale_0.75,,,,3.0,1,1,1,1,landing_collision_success,,,,95,51,44,64.07799999997951,34,53.156999999890104,11,10.921000000089407,8005.40986441475,98.94736842105263,1.0526315789473684,0.0,92.63157894736842,68.42105263157895,97.72727272727273,90.9090909090909,2.272727272727273,0.0,0.16031063843658763,collision_xy_combined,0.45,0.0,0.25595071963504645,0.12726738026533563,0.0,0.07128210912837893,0.8621746879930523,0.9877264499664307,0.771766185760498,0.022601273148148148,0.19357907102340202,0.10339475081504589,0.19462775675387092,0.19388426758132515,84.0909090909091,79.54545454545455,0.05842294611838889,1.4487153731648574,0.24851773616626405,37,7,0,1.0172982925827103,1.6,0.1389546643129804,0.35,,0.7788236737251282,0.6913462281227112,0.08747744560241699,BP_X6M_C_1,1,c228b69f45473525ee98381dab957a720389a8a020c15da11c2a06b1fff37c75,f71a82307640a718a7d07163a1f2b31719417336f96d218a1f85141f0900fca7,1
20260805_180000,10,2026-08-05T18:11:04,BMW_X6M_Scale_0.75,,,,3.0,1,1,1,1,landing_collision_success,,,,95,52,43,63.64100000006147,34,53.313000000081956,10,10.327999999979511,8004.698119965188,96.84210526315789,3.1578947368421053,0.0,90.52631578947368,71.57894736842105,93.02325581395348,90.69767441860465,6.976744186046512,0.0,0.22660961885544886,collision_xy_combined,0.45,0.0,0.1897709212448246,0.12489321887960118,0.0,0.059262038813147656,0.8622521148563638,0.9881782531738281,0.7399587631225586,0.0292578125,0.17702563261188045,0.09759902616162662,0.17921600503289684,0.17921600503289684,88.37209302325581,79.06976744186046,0.08711050680118876,1.8030525560572515,0.20789364113886366,37,6,0,1.0692536573689475,1.6,0.14225090308591376,0.35,,0.7399587631225586,0.7113956212997437,0.02856314182281494,BP_X6M_C_1,1,c228b69f45473525ee98381dab957a720389a8a020c15da11c2a06b1fff37c75,f71a82307640a718a7d07163a1f2b31719417336f96d218a1f85141f0900fca7,1
20260805_180000,11,2026-08-05T18:12:08,BMW_X6M_Scale_0.75,,,,3.0,1,1,1,1,landing_collision_success,,,,93,51,42,62.67200000002049,32,51.54700000002049,11,11.125,8005.213045172441,98.9247311827957,1.075268817204301,0.0,92.47311827956989,73.11827956989248,95.23809523809524,92.85714285714286,4.761904761904762,0.0,0.2083345082088482,collision_xy_combined,0.45,0.0,0.19982621939258483,0.13194444444444445,0.0,0.033353642525172165,0.869655893315047,0.9878047704696655,0.7280327081680298,0.028038194444444445,0.1958090648274932,0.09993006607653418,0.20092986487382505,0.20092986487382505,85.71428571428571,85.71428571428571,0.09857066709760018,1.8412290131695754,0.16739368597686075,36,6,0,1.0716630181310198,1.6,0.14528093459173325,0.35,,0.7310399413108826,0.7097036838531494,0.021336257457733154,BP_X6M_C_1,1,c228b69f45473525ee98381dab957a720389a8a020c15da11c2a06b1fff37c75,f71a82307640a718a7d07163a1f2b31719417336f96d218a1f85141f0900fca7,1
20260805_180000,12,2026-08-05T18:13:11,BMW_X6M_Scale_0.75,,,,3.0,1,1,1,1,landing_collision_success,,,,93,51,42,63.139999999897555,33,52.20299999997951,10,10.936999999918044,8003.005423620106,97.84946236559139,2.150537634408602,0.0,86.02150537634408,69.89247311827957,83.33333333333333,71.42857142857143,16.666666666666668,0.0,0.1748357681897333,collision_xy_combined,0.45,0.0,0.1889065838890093,0.13775229379013784,0.0,0.2684566749105195,0.8525241482177379,0.9881747364997864,0.6632256507873535,0.019270833333333334,0.17474439214530219,0.09447237399699546,0.17700091353506145,0.17700091353506145,85.71428571428571,85.71428571428571,0.13296441377590532,1.7517433941178489,0.20972577546965532,37,5,0,0.9331173005500762,1.644538880218802,0.14414653272678452,0.35,,0.6695029735565186,0.631130576133728,0.03837239742279053,BP_X6M_C_1,1,c228b69f45473525ee98381dab957a720389a8a020c15da11c2a06b1fff37c75,f71a82307640a718a7d07163a1f2b31719417336f96d218a1f85141f0900fca7,1
20260805_180000,13,2026-08-05T18:14:14,BMW_X6M_Scale_0.75,,,,3.0,1,1,1,1,landing_collision_success,,,,100,52,48,66.39100000006147,39,56.0,10,10.391000000061467,8003.175376162829,96.0,4.0,0.0,91.0,74.0,93.75,91.66666666666667,6.25,0.0,0.046515617239575834,collision_xy_combined,0.45,0.0,0.17803059360349172,0.15829029995885643,0.0,0.2113438901962066,0.8734602455984517,0.9886887073516846,0.706256091594696,0.022925347222222222,0.20953494889113952,0.11089658876791024,0.21038217963314915,0.21038217963314915,91.66666666666667,81.25,0.12094324448868692,1.6260874007918635,0.2049092559837845,43,5,0,1.0332419676846378,1.6,0.1213958624082928,0.35,,0.7062561511993408,0.7200255990028381,-0.013769447803497314,BP_X6M_C_1,1,c228b69f45473525ee98381dab957a720389a8a020c15da11c2a06b1fff37c75,f71a82307640a718a7d07163a1f2b31719417336f96d218a1f85141f0900fca7,1
20260805_180000,14,2026-08-05T18:15:20,BMW_X6M_Scale_0.75,,,,3.0,1,1,1,1,landing_collision_success,,,,97,52,45,65.07799999997951,34,53.35899999993853,12,11.719000000040978,8004.518899361543,97.9381443298969,2.0618556701030926,0.0,91.75257731958763,76.28865979381443,97.77777777777777,91.11111111111111,2.2222222222222223,0.0,0.06799701820560644,collision_xy_combined,0.45,0.0,0.16767916465795782,0.13109888936424757,0.0,0.2987404839256158,0.8656047107800952,0.9899381399154663,0.7299517393112183,0.025455729166666666,0.1766132944962724,0.10292644306144981,0.17746088543594346,0.17746088543594346,86.66666666666667,82.22222222222223,0.11576179203010445,1.6534071199483713,0.2354826719088583,38,7,0,0.9873625312934557,1.6,0.13232458472417458,0.35,,0.7305516004562378,0.7001811265945435,0.030370473861694336,BP_X6M_C_1,1,c228b69f45473525ee98381dab957a720389a8a020c15da11c2a06b1fff37c75,f71a82307640a718a7d07163a1f2b31719417336f96d218a1f85141f0900fca7,1
20260805_180000,15,2026-08-05T18:16:25,BMW_X6M_Scale_0.75,,,,3.0,1,1,1,1,landing_collision_success,,,,102,52,50,68.10900000017136,36,54.65599999995902,15,13.453000000212342,8003.637047294464,98.03921568627452,1.9607843137254901,0.0,85.29411764705883,65.68627450980392,82.0,74.0,18.0,0.0,0.1774725555785936,collision_xy_combined,0.45,0.0,0.30770398875140814,0.13066046705379597,0.0,0.5874655661031265,0.8380926951879446,0.9909532070159912,0.7389607429504395,0.023654513888888888,0.14733520446411638,0.08418792532263385,0.14749300078745162,0.046929686139617975,88.0,82.0,0.058640159892318265,1.5588330662317502,0.21008728045089337,38,12,0,1.181055559267,3.432375063918303,0.12915665878057478,0.35,,0.7429009079933167,0.636135458946228,0.10676544904708862,BP_X6M_C_1,1,c228b69f45473525ee98381dab957a720389a8a020c15da11c2a06b1fff37c75,f71a82307640a718a7d07163a1f2b31719417336f96d218a1f85141f0900fca7,1
20260805_180000,16,2026-08-05T18:17:34,BMW_X6M_Scale_0.75,,,,3.0,1,1,1,1,landing_collision_success,,,,98,50,48,66.45299999997951,37,54.687999999849126,12,11.765000000130385,8004.072179744917,94.89795918367346,5.1020408163265305,0.0,88.77551020408163,74.48979591836735,85.41666666666667,81.25,14.583333333333334,0.0,0.19484079911740268,collision_xy_combined,0.45,0.0,0.24028525066178577,0.12584033806906905,0.0,0.7244486185319869,0.8723948459576488,0.9895141124725342,0.7078027129173279,0.030186631944444445,0.180161032424663,0.09755223575817724,0.1806989425340483,0.06047623102513575,93.75,89.58333333333333,0.07800023544678548,1.6210753855428361,0.10564175451484259,38,10,0,1.0127122715358086,2.9598290526712865,0.12079558203928172,0.35,,0.7155871987342834,0.7224571704864502,-0.006869971752166748,BP_X6M_C_1,1,c228b69f45473525ee98381dab957a720389a8a020c15da11c2a06b1fff37c75,f71a82307640a718a7d07163a1f2b31719417336f96d218a1f85141f0900fca7,1
20260805_180000,17,2026-08-05T18:18:40,BMW_X6M_Scale_0.75,,,,3.0,1,1,1,1,landing_collision_success,,,,101,50,51,67.9069999998901,37,54.187999999849126,15,13.719000000040978,8004.284580760729,99.00990099009901,0.9900990099009901,0.0,91.08910891089108,68.31683168316832,92.15686274509804,82.3529411764706,7.8431372549019605,0.0,0.16515208179514818,collision_xy_combined,0.45,0.0,0.28801481913441895,0.1494768807923939,0.0,0.6021639259465978,0.8649053993799761,0.9874937534332275,0.6821656227111816,0.019956597222222223,0.1552001513434435,0.09353934480254959,0.16436943981554172,0.08081250689589085,92.15686274509804,72.54901960784314,0.06488422048597317,1.5052431292639252,0.19580576471338684,39,12,0,1.021615197317156,2.429483468734506,0.11564311215690537,0.35,,0.6937109231948853,0.6492493748664856,0.04446154832839966,BP_X6M_C_1,1,c228b69f45473525ee98381dab957a720389a8a020c15da11c2a06b1fff37c75,f71a82307640a718a7d07163a1f2b31719417336f96d218a1f85141f0900fca7,1
20260805_180000,18,2026-08-05T18:19:48,BMW_X6M_Scale_0.75,,,,3.0,1,1,1,1,landing_collision_success,,,,121,76,45,78.3430000001099,29,63.28099999995902,17,15.062000000150874,8004.195956838555,99.17355371900827,0.8264462809917356,0.0,95.04132231404958,72.72727272727273,100.0,97.77777777777777,0.0,0.0,0.17465436207773208,collision_xy_combined,0.45,0.0,0.20659773293726139,0.1380878905239631,0.0,0.030838337932186828,0.875611017630497,0.9839739799499512,0.7957313656806946,0.031112557870370372,0.1871652488697122,0.10378829413142344,0.21851235882442713,0.14043248521400933,91.11111111111111,71.11111111111111,0.08693721654803518,1.3830061160495255,0.19378714294356622,41,4,0,1.0767635776858457,1.6,0.14134292947418156,0.35,,0.8044170141220093,0.7099311351776123,0.09448587894439697,BP_X6M_C_1,1,c228b69f45473525ee98381dab957a720389a8a020c15da11c2a06b1fff37c75,f71a82307640a718a7d07163a1f2b31719417336f96d218a1f85141f0900fca7,1
20260805_180000,19,2026-08-05T18:21:06,BMW_X6M_Scale_0.75,,,,3.0,1,1,1,1,landing_collision_success,,,,98,53,45,65.75,35,54.46900000004098,11,11.280999999959022,8005.785454075209,98.9795918367347,1.0204081632653061,0.0,90.81632653061224,68.36734693877551,95.55555555555556,93.33333333333333,4.444444444444445,0.0,0.06257510679737951,collision_xy_combined,0.45,0.0,0.191107630140614,0.11696442244899584,0.0,0.05607400982181604,0.8612204492829143,0.988193154335022,0.6995782256126404,0.030949074074074073,0.19711197902219182,0.10335653062646916,0.19986566258264954,0.19986566258264954,88.88888888888889,86.66666666666667,0.10135309846884512,1.787411955588716,0.2415360688606203,38,7,0,0.9836300074090877,1.6,0.13244666154351495,0.35,,0.6843039989471436,0.7006155848503113,-0.016311585903167725,BP_X6M_C_1,1,c228b69f45473525ee98381dab957a720389a8a020c15da11c2a06b1fff37c75,f71a82307640a718a7d07163a1f2b31719417336f96d218a1f85141f0900fca7,1
20260805_180000,20,2026-08-05T18:22:12,BMW_X6M_Scale_0.75,,,,3.0,1,1,1,1,landing_collision_success,,,,117,75,42,75.79700000002049,33,64.84400000004098,10,10.952999999979511,8004.661146665451,99.14529914529915,0.8547008547008547,0.0,93.16239316239316,80.34188034188034,95.23809523809524,92.85714285714286,4.761904761904762,0.0,0.19601632075695827,collision_xy_combined,0.45,0.0,0.1899479836798567,0.11429467006356102,0.0,0.47601623514849567,0.8581637016062819,0.9887945652008057,0.638839602470398,0.023168402777777777,0.1672943461942648,0.08136000572050658,0.16761466281189163,0.09120694318884894,85.71428571428571,80.95238095238095,0.08001052704191944,1.8168386340974332,0.23942832911218503,40,2,0,0.8588040934333309,1.6529289155313294,0.14555342068452207,0.35,,0.638839602470398,0.6677836775779724,-0.028944075107574463,BP_X6M_C_1,1,c228b69f45473525ee98381dab957a720389a8a020c15da11c2a06b1fff37c75,f71a82307640a718a7d07163a1f2b31719417336f96d218a1f85141f0900fca7,1
20260805_180000,21,2026-08-05T18:23:28,BMW_X6M_Scale_0.75,,,,3.0,1,1,1,1,landing_collision_success,,,,101,52,49,67.98400000017136,37,55.51600000006147,13,12.468000000109896,8003.390695976348,98.01980198019803,1.9801980198019802,0.0,87.12871287128714,74.25742574257426,85.71428571428571,73.46938775510205,14.285714285714286,0.0,0.07470147045670328,collision_xy_combined,0.45,0.0,0.20813317241236462,0.1366460279037912,0.0,0.7255015906881439,0.8530560436812368,0.9865202307701111,0.6827008724212646,0.035069444444444445,0.16593469562620292,0.10236333206543098,0.16641798188337933,0.15790001694536335,89.79591836734694,81.63265306122449,0.051669369220953144,1.5868580556578222,0.23185814080703637,36,13,0,0.9309772906682917,1.6,0.11609124012443484,0.35,,0.6873878836631775,0.6430110931396484,0.04437679052352905,BP_X6M_C_1,1,c228b69f45473525ee98381dab957a720389a8a020c15da11c2a06b1fff37c75,f71a82307640a718a7d07163a1f2b31719417336f96d218a1f85141f0900fca7,1
20260805_180000,22,2026-08-05T18:24:36,BMW_X6M_Scale_0.75,,,,3.0,1,1,1,1,landing_collision_success,,,,96,52,44,64.7819999998901,38,55.84399999980815,7,8.938000000081956,8004.471150525038,98.95833333333333,1.0416666666666667,0.0,92.70833333333333,69.79166666666667,97.72727272727273,95.45454545454545,2.272727272727273,0.0,0.04589344954861228,collision_xy_combined,0.45,0.0,0.20245311293667023,0.12784634367557307,0.0,0.06379449329895884,0.8672242781261832,0.9911351203918457,0.7108768224716187,0.02309027777777778,0.21111501050285775,0.10559194278093618,0.212085908210822,0.212085908210822,88.63636363636364,86.36363636363636,0.05293508209890214,1.7753535786216137,0.1679191779385356,39,5,0,1.0230812805900564,1.6,0.13574588915163818,0.35,,0.6889932155609131,0.7309198975563049,-0.041926681995391846,BP_X6M_C_1,1,c228b69f45473525ee98381dab957a720389a8a020c15da11c2a06b1fff37c75,f71a82307640a718a7d07163a1f2b31719417336f96d218a1f85141f0900fca7,1
20260805_180000,23,2026-08-05T18:25:41,BMW_X6M_Scale_0.75,,,,3.0,1,1,1,1,landing_collision_success,,,,115,72,43,74.68800000008196,32,62.90600000019185,12,11.781999999890104,8003.309484191754,100.0,0.0,0.0,91.30434782608695,77.3913043478261,90.69767441860465,83.72093023255815,9.30232558139535,0.0,0.24076113281732264,collision_xy_combined,0.45,0.0,0.18656811821946612,0.11254880230468925,0.0,0.03546233929109017,0.8555064807013834,0.9871783256530762,0.5961916446685791,0.024525462962962964,0.1760594487111124,0.09296859747043149,0.18095464739025274,0.18095464739025274,83.72093023255815,79.06976744186046,0.17256987949769403,1.6411072222283065,0.22753796164242823,42,1,0,0.8919052278519213,1.6,0.14454748480299182,0.35,,0.42449748516082764,0.34844130277633667,0.07605618238449097,BP_X6M_C_1,1,c228b69f45473525ee98381dab957a720389a8a020c15da11c2a06b1fff37c75,f71a82307640a718a7d07163a1f2b31719417336f96d218a1f85141f0900fca7,1
20260805_180000,24,2026-08-05T18:26:55,BMW_X6M_Scale_0.75,,,,3.0,1,1,1,1,landing_collision_success,,,,161,116,45,99.17200000002049,31,85.73399999993853,15,13.438000000081956,8003.6326853766,98.13664596273291,1.8633540372670807,0.0,90.06211180124224,80.12422360248448,82.22222222222223,73.33333333333333,17.77777777777778,0.0,0.16618286696487128,collision_xy_combined,0.45,0.0,0.20777561511047352,0.11496900355437306,0.0,0.6467660528819473,0.8461701511540405,0.9849153757095337,0.7180266380310059,0.02252314814814815,0.1345278982991456,0.08129636292366073,0.13544159802778502,0.09490485460757318,95.55555555555556,86.66666666666667,0.09228089301912158,1.4242092020578148,0.2465277973821277,38,7,0,0.8852512143295869,2.544218071243297,0.14499088699122267,0.35,,0.717942476272583,0.6931792497634888,0.02476322650909424,BP_X6M_C_1,1,c228b69f45473525ee98381dab957a720389a8a020c15da11c2a06b1fff37c75,f71a82307640a718a7d07163a1f2b31719417336f96d218a1f85141f0900fca7,1
20260805_180000,25,2026-08-05T18:28:34,BMW_X6M_Scale_0.75,,,,3.0,1,1,1,1,landing_collision_success,,,,155,111,44,96.10899999993853,36,86.25,9,9.858999999938533,8003.870637112242,98.06451612903226,1.935483870967742,0.0,95.48387096774194,83.2258064516129,95.45454545454545,88.63636363636364,4.545454545454546,0.0,0.13559429166784456,collision_xy_combined,0.45,0.0,0.15494589940965212,0.10854901962014132,0.0,0.04866516226108614,0.8715930639885555,0.9799370765686035,0.7675524353981018,0.029227430555555555,0.18871036770996297,0.09235149677601026,0.1893890465508324,0.1893890465508324,86.36363636363636,84.0909090909091,0.16073754258515036,1.7471037111698258,0.24673528033325742,43,1,0,1.0376044621482898,1.649782642269296,0.13748865760693493,0.35,,0.7675524353981018,0.7582274675369263,0.009324967861175537,BP_X6M_C_1,1,c228b69f45473525ee98381dab957a720389a8a020c15da11c2a06b1fff37c75,f71a82307640a718a7d07163a1f2b31719417336f96d218a1f85141f0900fca7,1
20260805_180000,26,2026-08-05T18:30:11,BMW_X6M_Scale_0.75,,,,3.0,1,1,1,1,landing_collision_success,,,,99,51,48,66.56200000015087,34,53.09400000004098,15,13.468000000109896,8003.082510954753,100.0,0.0,0.0,79.79797979797979,65.65656565656566,68.75,58.333333333333336,31.25,0.0,0.22409257892940523,collision_xy_combined,0.45,0.0,0.32273124307883194,0.1647329944968425,0.0,0.807735875303781,0.8289312371459343,0.9864729642868042,0.6738587021827698,0.027799479166666665,0.14952105499255494,0.087480031557483,0.14952105499255494,0.0741133009012871,97.91666666666667,89.58333333333333,0.07280304475527573,1.210939925278299,0.17888192298549654,41,7,0,1.054764096770233,3.035595979062602,0.15073606675180296,0.35,,0.6218209862709045,0.6573786735534668,-0.035557687282562256,BP_X6M_C_1,1,c228b69f45473525ee98381dab957a720389a8a020c15da11c2a06b1fff37c75,f71a82307640a718a7d07163a1f2b31719417336f96d218a1f85141f0900fca7,1
20260805_180000,27,2026-08-05T18:31:17,BMW_X6M_Scale_0.75,,,,3.0,1,1,1,1,landing_collision_success,,,,107,64,43,70.79700000002049,33,59.48400000017136,11,11.312999999849126,8004.633424987712,98.13084112149532,1.8691588785046729,0.0,93.45794392523365,83.17757009345794,95.34883720930233,86.04651162790698,4.651162790697675,0.0,0.14803494056980976,collision_xy_combined,0.45,1.055329151523616,0.1757721563640882,0.1150684347501999,0.01713053335424955,0.25306593198935723,0.890041474262696,0.9865841865539551,0.7545650005340576,0.0259765625,0.17725804709649917,0.09392921085483884,0.17949503698146987,0.17949503698146987,86.04651162790698,79.06976744186046,0.08460040944656583,1.779945031031872,0.23366597203191253,41,2,0,0.9912595489664093,1.6,0.14338530049421064,0.35,,0.7722645998001099,0.6610878705978394,0.11117672920227051,BP_X6M_C_1,1,c228b69f45473525ee98381dab957a720389a8a020c15da11c2a06b1fff37c75,f71a82307640a718a7d07163a1f2b31719417336f96d218a1f85141f0900fca7,1
20260805_180000,28,2026-08-05T18:32:28,BMW_X6M_Scale_0.75,,,,3.0,1,1,1,1,landing_collision_success,,,,112,68,44,73.5,35,62.57799999997951,10,10.922000000020489,8004.365968456934,98.21428571428571,1.7857142857142858,0.0,91.96428571428571,76.78571428571429,90.9090909090909,88.63636363636364,9.090909090909092,0.0,0.12204449990938405,collision_xy_combined,0.45,0.0,0.1716326563944425,0.11425540282496441,0.0,0.029257386091136383,0.8681128322968862,0.9856849908828735,0.7406622171401978,0.01734375,0.19522736026765794,0.1026818068428286,0.19619259634265931,0.19619259634265931,93.18181818181819,88.63636363636364,0.08120009625430422,1.5938979795942583,0.1836171713161412,42,2,0,0.9845984912133807,1.666581629627207,0.13875217185271055,0.35,,0.7647034525871277,0.7441974878311157,0.020505964756011963,BP_X6M_C_1,1,c228b69f45473525ee98381dab957a720389a8a020c15da11c2a06b1fff37c75,f71a82307640a718a7d07163a1f2b31719417336f96d218a1f85141f0900fca7,1
20260805_180000,29,2026-08-05T18:33:41,BMW_X6M_Scale_0.75,,,,3.0,1,1,1,1,landing_collision_success,,,,96,52,44,64.20299999997951,35,53.812000000150874,10,10.390999999828637,8004.957041708762,98.95833333333333,1.0416666666666667,0.0,91.66666666666667,67.70833333333333,95.45454545454545,90.9090909090909,4.545454545454546,0.0,0.23347141293295914,collision_xy_combined,0.45,0.0,0.21077223111421683,0.1380112155294853,0.0,0.12064278648265839,0.863527567143821,0.9875341057777405,0.7582063674926758,0.028638599537037037,0.18601764252111025,0.09931631157839547,0.18758125547424917,0.18758125547424917,86.36363636363636,81.81818181818181,0.07004558049544009,1.708564796569041,0.1841164684569745,38,6,0,1.0076518145331512,1.6,0.13785577398132193,0.35,,0.7653073072433472,0.7294671535491943,0.03584015369415283,BP_X6M_C_1,1,c228b69f45473525ee98381dab957a720389a8a020c15da11c2a06b1fff37c75,f71a82307640a718a7d07163a1f2b31719417336f96d218a1f85141f0900fca7,1
20260805_180000,30,2026-08-05T18:34:46,BMW_X6M_Scale_0.75,,,,3.0,1,1,1,1,landing_collision_success,,,,93,52,41,62.76600000006147,27,49.10900000017136,15,13.656999999890104,8006.261185145654,100.0,0.0,0.0,92.47311827956989,67.74193548387096,100.0,97.5609756097561,0.0,0.0,0.18674656427540598,collision_xy_combined,0.45,0.0,0.2136156570241384,0.11084645027655526,0.0,0.06198962135603183,0.8608322775784403,0.9831764698028564,0.8048596978187561,0.02724537037037037,0.18609925583969922,0.10283715094584452,0.19918237552631582,0.19918237552631582,85.36585365853658,80.48780487804878,0.05394823385776361,1.4744068248796989,0.21932604654747867,34,7,0,1.0083482622724953,1.6,0.14727632808794333,0.35,,0.8048596978187561,0.7150226831436157,0.08983701467514038,BP_X6M_C_1,1,c228b69f45473525ee98381dab957a720389a8a020c15da11c2a06b1fff37c75,f71a82307640a718a7d07163a1f2b31719417336f96d218a1f85141f0900fca7,1
20260805_180000,31,2026-08-05T18:35:48,BMW_X6M_Scale_0.75,,,,3.0,1,1,1,1,landing_collision_success,,,,98,52,46,65.45299999997951,29,50.093000000109896,18,15.359999999869615,8004.561224586995,95.91836734693878,4.081632653061225,0.0,90.81632653061224,69.38775510204081,95.65217391304348,86.95652173913044,4.3478260869565215,0.0,0.09251126254315527,collision_xy_combined,0.45,0.0,0.19686344696397934,0.1327555651528961,0.0,0.24159481690540374,0.8631313921676094,0.9895815849304199,0.7501682639122009,0.03265335648148148,0.18504078347729472,0.11047085162942434,0.1941514474951873,0.1941514474951873,80.43478260869566,67.3913043478261,0.11618126715174201,1.5637546611339554,0.24539469333893993,35,11,0,1.130527567517159,1.6,0.12771519923501684,0.35,,0.7766678333282471,0.6560428142547607,0.12062501907348633,BP_X6M_C_1,1,c228b69f45473525ee98381dab957a720389a8a020c15da11c2a06b1fff37c75,f71a82307640a718a7d07163a1f2b31719417336f96d218a1f85141f0900fca7,1
20260805_180000,32,2026-08-05T18:36:54,BMW_X6M_Scale_0.75,,,,3.0,1,1,1,1,landing_collision_success,,,,118,74,44,76.3430000001099,33,64.73399999993853,12,11.609000000171363,8004.878766685442,95.76271186440678,4.237288135593221,0.0,91.52542372881356,76.27118644067797,93.18181818181819,88.63636363636364,6.818181818181818,0.0,0.22258211182829257,collision_xy_combined,0.45,1.0686263555652378,0.20146070612146486,0.12069921072368028,0.01630556243429967,0.30639483851380594,0.8766535656804804,0.9897153377532959,0.7588469386100769,0.03015625,0.19036963025849388,0.09873886096320349,0.1927036296128386,0.1927036296128386,86.36363636363636,84.0909090909091,0.052936267078854175,1.5387490842995186,0.2071783557784801,40,4,0,0.9887588443077552,1.6,0.132130995973606,0.35,,0.7572386860847473,0.6682298183441162,0.0890088677406311,BP_X6M_C_1,1,c228b69f45473525ee98381dab957a720389a8a020c15da11c2a06b1fff37c75,f71a82307640a718a7d07163a1f2b31719417336f96d218a1f85141f0900fca7,1
20260805_180000,33,2026-08-05T18:38:10,BMW_X6M_Scale_0.75,,,,3.0,1,1,1,1,landing_collision_success,,,,96,51,45,65.09399999980815,35,53.89099999982864,11,11.202999999979511,8005.028093999647,100.0,0.0,0.0,92.70833333333333,69.79166666666667,95.55555555555556,93.33333333333333,4.444444444444445,0.0,0.1123144790646326,collision_xy_combined,0.45,0.0,0.23119427582778784,0.1388927950839588,0.0,0.16592585308287627,0.8675605344910653,0.9878638386726379,0.6966047883033752,0.02125,0.1919073926616875,0.10153619624620062,0.19424574834051142,0.19424574834051142,88.88888888888889,82.22222222222223,0.07268974775406363,1.7326285319091888,0.1445880609025974,36,9,0,1.0092244565921562,1.6,0.12853607878751222,0.35,,0.6966047883033752,0.6925358176231384,0.004068970680236816,BP_X6M_C_1,1,c228b69f45473525ee98381dab957a720389a8a020c15da11c2a06b1fff37c75,f71a82307640a718a7d07163a1f2b31719417336f96d218a1f85141f0900fca7,1
20260805_180000,34,2026-08-05T18:39:15,BMW_X6M_Scale_0.75,,,,3.0,1,1,1,1,landing_collision_success,,,,95,52,43,63.57799999997951,34,52.96900000004098,10,10.608999999938533,8004.785698256785,96.84210526315789,3.1578947368421053,0.0,90.52631578947368,73.6842105263158,95.34883720930233,88.37209302325581,4.651162790697675,0.0,0.17591396919439783,collision_xy_combined,0.45,0.0,0.18264060025160492,0.12040824759603741,0.0,0.2121365810329413,0.8627830907904039,0.9874591827392578,0.7208054661750793,0.032278645833333335,0.21452122197424361,0.10563431080205284,0.22076919776498471,0.22076919776498471,88.37209302325581,81.3953488372093,0.05971793168180899,1.7353431529797012,0.2404684832082784,38,5,0,1.0542688248940661,1.6,0.1387278362831404,0.35,,0.7241231799125671,0.6593199968338013,0.06480318307876587,BP_X6M_C_1,1,c228b69f45473525ee98381dab957a720389a8a020c15da11c2a06b1fff37c75,f71a82307640a718a7d07163a1f2b31719417336f96d218a1f85141f0900fca7,1
20260805_180000,35,2026-08-05T18:40:19,BMW_X6M_Scale_0.75,,,,3.0,1,1,1,1,landing_collision_success,,,,95,52,43,63.54700000002049,31,51.39100000006147,13,12.155999999959022,8005.08521898697,95.78947368421052,4.2105263157894735,0.0,91.57894736842105,71.57894736842105,95.34883720930233,90.69767441860465,4.651162790697675,0.0,0.15615867574118933,collision_xy_combined,0.45,0.0,0.2116547157640829,0.11765250503400201,0.0,0.06273359400068353,0.8604478039011669,0.992855429649353,0.7380948066711426,0.030558449074074075,0.20767751944198204,0.10992554556099543,0.2185477973227939,0.2185477973227939,88.37209302325581,86.04651162790698,0.05116781773105391,1.5715860143536449,0.20977312713766993,36,7,0,0.9549296895726624,1.6,0.14288476704511527,0.35,,0.7239749431610107,0.7273264527320862,-0.0033515095710754395,BP_X6M_C_1,1,c228b69f45473525ee98381dab957a720389a8a020c15da11c2a06b1fff37c75,f71a82307640a718a7d07163a1f2b31719417336f96d218a1f85141f0900fca7,1
20260805_180000,36,2026-08-05T18:41:22,BMW_X6M_Scale_0.75,,,,3.0,1,1,1,1,landing_collision_success,,,,95,52,43,63.73399999993853,32,52.29700000002049,12,11.436999999918044,8004.197621990172,96.84210526315789,3.1578947368421053,0.0,89.47368421052632,75.78947368421052,93.02325581395348,88.37209302325581,6.976744186046512,0.0,0.23580676842953,collision_xy_combined,0.45,0.0,0.18953407274834672,0.12540221613004182,0.0,0.1973456675480868,0.862510293655349,0.9905602335929871,0.7524484395980835,0.02349537037037037,0.192487402406368,0.10132082450431486,0.1960665470010099,0.1960665470010099,86.04651162790698,83.72093023255815,0.16013467485789426,1.7095038228907797,0.2366437590361219,37,6,0,1.0126943834690407,1.6,0.13934945926416747,0.35,,0.7578896284103394,0.5985475182533264,0.15934211015701294,BP_X6M_C_1,1,c228b69f45473525ee98381dab957a720389a8a020c15da11c2a06b1fff37c75,f71a82307640a718a7d07163a1f2b31719417336f96d218a1f85141f0900fca7,1
20260805_180000,37,2026-08-05T18:42:26,BMW_X6M_Scale_0.75,,,,3.0,1,1,1,1,landing_collision_success,,,,112,70,42,72.26500000013039,32,61.390000000130385,11,10.875,8005.3770515022725,96.42857142857143,3.5714285714285716,0.0,91.96428571428571,75.89285714285714,95.23809523809524,90.47619047619048,4.761904761904762,0.0,0.23661856785323723,collision_xy_combined,0.45,0.0,0.1505500523873965,0.10227559191344532,0.0,0.19230250059765502,0.8613816642267428,0.9842809438705444,0.7460416555404663,0.028446180555555554,0.15976535124271052,0.09294729010166522,0.1606550180966264,0.1606550180966264,83.33333333333333,83.33333333333333,0.053087443646054076,1.8537645412466643,0.1533686015698481,40,2,0,0.9860671867143198,1.6,0.15216075459229092,0.35,,0.7576976418495178,0.6772114038467407,0.0804862380027771,BP_X6M_C_1,1,c228b69f45473525ee98381dab957a720389a8a020c15da11c2a06b1fff37c75,f71a82307640a718a7d07163a1f2b31719417336f96d218a1f85141f0900fca7,1
20260805_180000,38,2026-08-05T18:43:38,BMW_X6M_Scale_0.75,,,,3.0,1,1,1,1,landing_collision_success,,,,92,51,41,62.687999999849126,34,52.89099999982864,8,9.797000000020489,8004.779920905437,98.91304347826087,1.0869565217391304,0.0,90.21739130434783,71.73913043478261,90.2439024390244,82.92682926829268,9.75609756097561,0.0,0.06704477748182723,collision_xy_combined,0.45,0.0,0.1835058075398601,0.1138127549994869,0.0,0.09610758604346532,0.8655000221758115,0.9874159097671509,0.6665470600128174,0.021982060185185184,0.1726627840918162,0.0946719430824415,0.18436448938830835,0.18436448938830835,87.8048780487805,87.8048780487805,0.062356175760429886,1.786650181778464,0.11102500733063175,37,4,0,0.8906235355869875,1.646656170074603,0.1479407822994924,0.35,,0.6275943517684937,0.6203045845031738,0.007289767265319824,BP_X6M_C_1,1,c228b69f45473525ee98381dab957a720389a8a020c15da11c2a06b1fff37c75,f71a82307640a718a7d07163a1f2b31719417336f96d218a1f85141f0900fca7,1
20260805_180000,39,2026-08-05T18:44:41,BMW_X6M_Scale_0.75,,,,3.0,1,1,1,1,landing_collision_success,,,,121,78,43,77.5460000000894,28,63.561999999918044,16,13.984000000171363,8004.149588300915,97.52066115702479,2.479338842975207,0.0,90.08264462809917,72.72727272727273,88.37209302325581,81.3953488372093,11.627906976744185,0.0,0.1831286213343332,collision_xy_combined,0.45,0.0,0.22221300595664512,0.135020055413263,0.0,0.491326283745816,0.8414463530072789,0.9861049056053162,0.7039692997932434,0.02625,0.13841019258913245,0.09272426005609284,0.15081397422862075,0.15081397422862075,88.37209302325581,81.3953488372093,0.26993508586974746,1.3746792354357713,0.2449476287270438,38,5,0,0.856564712017199,1.6,0.15053968026194461,0.35,,0.747545599937439,0.5832213163375854,0.16432428359985352,BP_X6M_C_1,1,c228b69f45473525ee98381dab957a720389a8a020c15da11c2a06b1fff37c75,f71a82307640a718a7d07163a1f2b31719417336f96d218a1f85141f0900fca7,1
20260805_180000,40,2026-08-05T18:45:59,BMW_X6M_Scale_0.75,,,,3.0,1,1,1,1,landing_collision_success,,,,95,52,43,63.76599999982864,31,51.609999999869615,13,12.155999999959022,8005.339832325094,97.89473684210526,2.1052631578947367,0.0,90.52631578947368,70.52631578947368,93.02325581395348,86.04651162790698,6.976744186046512,0.0,0.019756598243228587,collision_xy_combined,0.45,0.0,0.20699455932124033,0.12888352918817392,0.0,0.21367988557061146,0.8609089879478644,0.9886549711227417,0.7539396286010742,0.024030671296296297,0.22280015873593517,0.11010330971401404,0.2353745314995467,0.23438258464251097,83.72093023255815,76.74418604651163,0.0750125500687922,1.8556221872837342,0.20441741703575045,37,6,0,1.011428164694378,1.6,0.14330102028368516,0.35,,0.7539396286010742,0.710639238357544,0.04330039024353027,BP_X6M_C_1,1,c228b69f45473525ee98381dab957a720389a8a020c15da11c2a06b1fff37c75,f71a82307640a718a7d07163a1f2b31719417336f96d218a1f85141f0900fca7,1
20260805_180000,41,2026-08-05T18:47:03,BMW_X6M_Scale_0.75,,,,3.0,1,1,1,1,landing_collision_success,,,,115,68,47,75.54700000002049,36,63.75,12,11.797000000020489,8003.704812625971,98.26086956521739,1.7391304347826086,0.0,92.17391304347827,86.08695652173913,95.74468085106383,87.23404255319149,4.25531914893617,0.0,0.19153663622965755,collision_xy_combined,0.45,0.0,0.1277536989820131,0.10749286527484092,0.0,0.42443922358081954,0.8705404818724467,0.9813531041145325,0.745518684387207,0.03501157407407408,0.17312814905728072,0.09659768104383358,0.17420743823490334,0.14056529573612755,87.23404255319149,65.95744680851064,0.11774919796520465,1.6266859908839324,0.21342733301443673,44,3,0,0.9923794958388114,1.6,0.12651935455012825,0.35,,0.7142747044563293,0.734946608543396,-0.02067190408706665,BP_X6M_C_1,1,c228b69f45473525ee98381dab957a720389a8a020c15da11c2a06b1fff37c75,f71a82307640a718a7d07163a1f2b31719417336f96d218a1f85141f0900fca7,1
20260805_180000,42,2026-08-05T18:48:18,BMW_X6M_Scale_0.75,,,,3.0,1,1,1,1,landing_collision_success,,,,112,70,42,72.73400000017136,32,61.64100000006147,11,11.093000000109896,8004.112166084773,98.21428571428571,1.7857142857142858,0.0,88.39285714285714,74.10714285714286,85.71428571428571,73.80952380952381,14.285714285714286,0.0,0.22260348333549865,collision_xy_combined,0.45,0.0,0.22819919840024747,0.12646211763668697,0.0,0.41242999429345734,0.8497891422805224,0.9861430525779724,0.6463320255279541,0.027123842592592592,0.20543824956723122,0.09110692632573487,0.20653608467556567,0.0816757737535678,92.85714285714286,78.57142857142857,0.08266400218505161,1.3843972437731926,0.23212281107942534,37,5,0,1.0303872622699406,3.0599870522414845,0.1532102122885131,0.35,,0.6931571960449219,0.6596210598945618,0.03353613615036011,BP_X6M_C_1,1,c228b69f45473525ee98381dab957a720389a8a020c15da11c2a06b1fff37c75,f71a82307640a718a7d07163a1f2b31719417336f96d218a1f85141f0900fca7,1
20260805_180000,43,2026-08-05T18:49:31,BMW_X6M_Scale_0.75,,,,3.0,1,1,1,1,landing_collision_success,,,,122,68,54,78.93799999984913,37,63.67199999978766,18,15.266000000061467,8003.925475241145,99.18032786885246,0.819672131147541,0.0,90.98360655737704,74.59016393442623,88.88888888888889,79.62962962962963,11.11111111111111,0.0,0.1878655224193253,collision_xy_combined,0.45,0.0,0.30182252861329906,0.12392142234794565,0.0,0.7532849869769994,0.8564869958436897,0.9838210344314575,0.6951824426651001,0.02589699074074074,0.1849260052553412,0.09602312244233022,0.18540084980652966,0.04052817230287473,85.18518518518519,68.51851851851852,0.10966398824917406,1.3864594796796008,0.2101964351870027,45,9,0,1.0900306366955876,2.9972016451520096,0.12321075243668422,0.35,,0.7055124044418335,0.656674861907959,0.04883754253387451,BP_X6M_C_1,1,c228b69f45473525ee98381dab957a720389a8a020c15da11c2a06b1fff37c75,f71a82307640a718a7d07163a1f2b31719417336f96d218a1f85141f0900fca7,1
20260805_180000,44,2026-08-05T18:50:50,BMW_X6M_Scale_0.75,,,,3.0,1,1,1,1,landing_collision_success,,,,93,50,43,62.95299999997951,35,53.17200000002049,9,9.780999999959022,8004.311733806674,94.6236559139785,5.376344086021505,0.0,91.39784946236558,72.04301075268818,90.69767441860465,83.72093023255815,9.30232558139535,0.0,0.09890580996572937,collision_xy_combined,0.45,0.0,0.17194052636852003,0.12706891792030126,0.0,0.10159137148009968,0.8729729784376328,0.9921039938926697,0.746630847454071,0.03174479166666667,0.17147138405638948,0.0977451731125894,0.17211541022082708,0.17211541022082708,90.69767441860465,86.04651162790698,0.09478934749568839,1.8007552716055952,0.1272554923146516,38,5,0,1.056481093436032,1.6,0.14252107282883894,0.35,,0.7448409795761108,0.6872563362121582,0.05758464336395264,BP_X6M_C_1,1,c228b69f45473525ee98381dab957a720389a8a020c15da11c2a06b1fff37c75,f71a82307640a718a7d07163a1f2b31719417336f96d218a1f85141f0900fca7,1
20260805_180000,45,2026-08-05T18:51:53,BMW_X6M_Scale_0.75,,,,3.0,1,1,1,1,landing_collision_success,,,,158,111,47,97.65599999995902,33,84.14100000006147,15,13.514999999897555,8005.926942442542,99.36708860759494,0.6329113924050633,0.0,95.56962025316456,79.11392405063292,97.87234042553192,95.74468085106383,2.127659574468085,0.0,0.23238760960792748,collision_xy_combined,0.45,0.0,0.17518259953522314,0.1063934443831764,0.0,0.11152038632354958,0.8666254641053883,0.9897276759147644,0.7477670907974243,0.021469907407407406,0.24124665720576322,0.10344621030642323,0.25553069730796574,0.25553069730796574,87.23404255319149,74.46808510638297,0.07156620765705078,1.5539387203541364,0.20403743801968433,42,5,0,0.9895617513159318,1.6,0.1238531304658093,0.35,,0.7499924898147583,0.7440478801727295,0.005944609642028809,BP_X6M_C_1,1,c228b69f45473525ee98381dab957a720389a8a020c15da11c2a06b1fff37c75,f71a82307640a718a7d07163a1f2b31719417336f96d218a1f85141f0900fca7,1
20260805_180000,46,2026-08-05T18:53:30,BMW_X6M_Scale_0.75,,,,3.0,1,1,1,1,landing_collision_success,,,,117,70,47,75.67200000002049,34,63.110000000102445,14,12.561999999918044,8003.311232797581,99.14529914529915,0.8547008547008547,0.0,86.32478632478633,70.94017094017094,78.72340425531915,70.2127659574468,21.27659574468085,0.0,0.21266798140140397,collision_xy_combined,0.45,0.0,0.28267841699639945,0.12171958590400428,0.0,0.06350500180687899,0.8280517535173897,0.9896499514579773,0.6628532409667969,0.02759693287037037,0.15288694044772355,0.0825308814520435,0.15288694044772355,0.07281140274265689,91.48936170212765,80.85106382978724,0.07170472996011908,1.4703563882660886,0.24306379835221814,40,7,0,1.1960743054302982,3.444409267698702,0.14803445791151928,0.35,,0.45051974058151245,0.4082118272781372,0.042307913303375244,BP_X6M_C_1,1,c228b69f45473525ee98381dab957a720389a8a020c15da11c2a06b1fff37c75,f71a82307640a718a7d07163a1f2b31719417336f96d218a1f85141f0900fca7,1
20260805_180000,47,2026-08-05T18:54:46,BMW_X6M_Scale_0.75,,,,3.0,1,1,1,1,landing_collision_success,,,,103,51,52,68.53100000019185,36,53.84400000004098,17,14.687000000150874,8004.774701343539,99.02912621359224,0.970873786407767,0.0,89.32038834951456,63.10679611650485,90.38461538461539,76.92307692307692,9.615384615384615,0.0,0.13096199302067385,collision_xy_combined,0.45,0.0,0.34094027673875155,0.13516714903782037,0.0,0.6309516965685866,0.8513192115078886,0.9895829558372498,0.6953201293945312,0.024916087962962963,0.18080524113786345,0.09947713605822783,0.18139833673339362,0.06324818204108767,86.53846153846153,78.84615384615384,0.09093889565326516,1.3342594319064558,0.17698781905254368,40,12,0,1.0058696933060571,2.7021068050114474,0.1303550779189055,0.35,,0.7107980251312256,0.7068045139312744,0.003993511199951172,BP_X6M_C_1,1,c228b69f45473525ee98381dab957a720389a8a020c15da11c2a06b1fff37c75,f71a82307640a718a7d07163a1f2b31719417336f96d218a1f85141f0900fca7,1
20260805_180000,48,2026-08-05T18:55:55,BMW_X6M_Scale_0.75,,,,3.0,1,1,1,1,landing_collision_success,,,,113,67,46,73.64099999982864,38,63.812999999849126,9,9.827999999979511,8004.06596801217,99.11504424778761,0.8849557522123894,0.0,96.46017699115045,82.30088495575221,100.0,97.82608695652173,0.0,0.0,0.2381538189709563,collision_xy_combined,0.45,0.0,0.1908767637477891,0.12750007564752053,0.0,0.23222729966870764,0.886508132401848,0.9840775728225708,0.8409092426300049,0.021122685185185185,0.1975216903550393,0.09962951986527167,0.19782269425300775,0.09480900100741699,91.30434782608695,76.08695652173913,0.10985607577736185,1.5747244499050814,0.22517833011967126,43,3,0,1.0725080251824355,1.6,0.13115711198066887,0.35,,0.8570554256439209,0.6796121001243591,0.17744332551956177,BP_X6M_C_1,1,c228b69f45473525ee98381dab957a720389a8a020c15da11c2a06b1fff37c75,f71a82307640a718a7d07163a1f2b31719417336f96d218a1f85141f0900fca7,1
20260805_180000,49,2026-08-05T18:57:08,BMW_X6M_Scale_0.75,,,,3.0,1,1,1,1,landing_collision_success,,,,96,52,44,64.10900000017136,37,55.062000000150874,8,9.047000000020489,8004.261336834521,95.83333333333333,4.166666666666667,0.0,89.58333333333333,68.75,93.18181818181819,84.0909090909091,6.818181818181818,0.0,0.23438061209304795,collision_xy_combined,0.45,0.0,0.20874253691953998,0.13052852479686525,0.0,0.051875743710272024,0.8619437874336537,0.9888195991516113,0.7582143545150757,0.026121238425925924,0.18806773392270096,0.10183752749364368,0.18859724663433117,0.18859724663433117,86.36363636363636,86.36363636363636,0.0700635941020867,1.749942835059388,0.1904058796169159,38,6,0,0.9964511631612097,1.6,0.13744378652254288,0.35,,0.7582143545150757,0.6922855973243713,0.06592875719070435,BP_X6M_C_1,1,c228b69f45473525ee98381dab957a720389a8a020c15da11c2a06b1fff37c75,f71a82307640a718a7d07163a1f2b31719417336f96d218a1f85141f0900fca7,1
20260805_180000,50,2026-08-05T18:58:12,BMW_X6M_Scale_0.75,,,,3.0,1,1,1,1,landing_collision_success,,,,111,64,47,72.7819999998901,32,58.71899999980815,16,14.063000000081956,8004.212859584401,100.0,0.0,0.0,90.990990990991,73.87387387387388,91.48936170212765,78.72340425531915,8.51063829787234,0.0,0.08400377508352226,collision_xy_combined,0.45,0.0,0.2812711941593346,0.1286413717421978,0.0,0.8051639373751054,0.8574337941994552,0.9890367984771729,0.7717483043670654,0.020027488425925926,0.13919342278195135,0.08427374781052044,0.13957899827678308,0.06209632208784721,97.87234042553192,87.23404255319149,0.08386959897204879,1.398070038664848,0.2284119409266867,42,5,0,0.8842745485597012,2.714386361435729,0.14341663673361563,0.35,,0.7083938717842102,0.7211291790008545,-0.012735307216644287,BP_X6M_C_1,1,c228b69f45473525ee98381dab957a720389a8a020c15da11c2a06b1fff37c75,f71a82307640a718a7d07163a1f2b31719417336f96d218a1f85141f0900fca7,1
20260805_180000,51,2026-08-05T18:59:25,BMW_X6M_Scale_0.75,,,,3.0,1,1,1,1,landing_collision_success,,,,152,110,42,93.9680000001099,31,82.2960000000894,12,11.672000000020489,8003.632693654155,97.36842105263158,2.6315789473684212,0.0,94.07894736842105,82.23684210526316,92.85714285714286,78.57142857142857,7.142857142857143,0.0,0.18766636288839575,collision_xy_combined,0.45,0.0,0.16364247514853822,0.10134794601482962,0.0,0.03099626931454418,0.8665653710688959,0.9804295301437378,0.8023426532745361,0.031901041666666664,0.1877161224109932,0.08789805529829917,0.191920135795792,0.191920135795792,83.33333333333333,76.19047619047619,0.08993133826987605,1.690461198932271,0.21005693641897172,40,2,0,1.0547693184043656,1.6,0.15711594688927843,0.35,,0.8023426532745361,0.6635268926620483,0.1388157606124878,BP_X6M_C_1,1,c228b69f45473525ee98381dab957a720389a8a020c15da11c2a06b1fff37c75,f71a82307640a718a7d07163a1f2b31719417336f96d218a1f85141f0900fca7,1
20260805_180000,52,2026-08-05T19:00:59,BMW_X6M_Scale_0.75,,,,3.0,1,1,1,1,landing_collision_success,,,,155,109,46,96.26599999982864,36,85.07799999997951,11,11.187999999849126,8003.1757162535,99.35483870967742,0.6451612903225806,0.0,93.54838709677419,78.70967741935483,93.47826086956522,86.95652173913044,6.521739130434782,0.0,0.15660190398083104,collision_xy_combined,0.45,0.0,0.19406097598159308,0.10982765679705118,0.0,0.06335287268336806,0.8474416138384667,0.9831405878067017,0.6735491752624512,0.02755497685185185,0.1485364990052334,0.08423478235015788,0.14916056859285162,0.14916056859285162,82.6086956521739,76.08695652173913,0.10228416416395858,1.6702764754671684,0.19659599755555446,40,6,0,0.9344916939774324,1.6,0.1285684582299512,0.35,,0.6743742823600769,0.6585268974304199,0.015847384929656982,BP_X6M_C_1,1,c228b69f45473525ee98381dab957a720389a8a020c15da11c2a06b1fff37c75,f71a82307640a718a7d07163a1f2b31719417336f96d218a1f85141f0900fca7,1
20260805_180000,53,2026-08-05T19:02:35,BMW_X6M_Scale_0.75,,,,3.0,1,1,1,1,landing_collision_success,,,,108,67,41,71.92200000002049,31,60.812000000150874,11,11.109999999869615,8005.082277295946,97.22222222222223,2.7777777777777777,0.0,90.74074074074075,74.07407407407408,90.2439024390244,87.8048780487805,9.75609756097561,0.0,0.11235570070387914,collision_xy_combined,0.45,0.0,0.17752510687680964,0.0970490769716507,0.0,0.05744953842067576,0.8571756510709473,0.9870929718017578,0.7261285185813904,0.03363136574074074,0.191246466137461,0.10050465894325543,0.19337744273338844,0.19337744273338844,82.92682926829268,80.48780487804878,0.17364189270338404,1.832043823947394,0.214122835589186,39,2,0,0.89779691442707,1.6,0.15305912593152465,0.35,,0.7036197185516357,0.6985722780227661,0.005047440528869629,BP_X6M_C_1,1,c228b69f45473525ee98381dab957a720389a8a020c15da11c2a06b1fff37c75,f71a82307640a718a7d07163a1f2b31719417336f96d218a1f85141f0900fca7,1
20260805_180000,54,2026-08-05T19:03:47,BMW_X6M_Scale_0.75,,,,3.0,1,1,1,1,landing_collision_success,,,,109,67,42,73.53099999995902,29,60.0,14,13.530999999959022,8004.865734624548,100.0,0.0,0.0,93.57798165137615,73.39449541284404,100.0,97.61904761904762,0.0,0.0,0.22741045216994354,collision_xy_combined,0.45,0.0,0.16826914531904763,0.0836221845749465,0.0,0.07434448616714484,0.8596446485849981,0.9846093654632568,0.743156373500824,0.025,0.18045496364992553,0.09649352570649801,0.1876351129931532,0.1876351129931532,90.47619047619048,83.33333333333333,0.05707222211221008,1.6138402553924602,0.19477786398927055,40,2,0,0.968448642844342,1.6,0.14695654047032194,0.35,,0.743156373500824,0.7288302183151245,0.014326155185699463,BP_X6M_C_1,1,c228b69f45473525ee98381dab957a720389a8a020c15da11c2a06b1fff37c75,f71a82307640a718a7d07163a1f2b31719417336f96d218a1f85141f0900fca7,1
20260805_180000,55,2026-08-05T19:05:01,BMW_X6M_Scale_0.75,,,,3.0,1,1,1,1,landing_collision_success,,,,143,103,40,92.48399999993853,29,80.01500000013039,12,12.468999999808148,8005.235461175251,97.9020979020979,2.097902097902098,0.0,92.3076923076923,83.91608391608392,90.0,87.5,10.0,0.0,0.20208412859527078,collision_xy_combined,0.45,0.0,0.14853044115341524,0.0879206160250383,0.0,0.12584142925800512,0.8503592407377202,0.9811282157897949,0.665473222732544,0.029016203703703704,0.19298617392331735,0.09210579301913603,0.1985177245018066,0.1985177245018066,82.5,77.5,0.164837698862222,1.7949593142837583,0.19425773646325872,39,1,0,0.9454373374533382,1.6,0.15912071235291658,0.35,,0.665338933467865,0.6552104949951172,0.010128438472747803,BP_X6M_C_1,1,c228b69f45473525ee98381dab957a720389a8a020c15da11c2a06b1fff37c75,f71a82307640a718a7d07163a1f2b31719417336f96d218a1f85141f0900fca7,1
20260805_180000,56,2026-08-05T19:06:33,BMW_X6M_Scale_0.75,,,,3.0,1,1,1,1,landing_collision_success,,,,108,66,42,73.31300000008196,33,62.42200000002049,10,10.891000000061467,8005.3763960042625,99.07407407407408,0.9259259259259259,0.0,93.51851851851852,80.55555555555556,97.61904761904762,95.23809523809524,2.380952380952381,0.0,0.13550293616967068,collision_xy_combined,0.45,0.0,0.19413200147371826,0.08504495823381594,0.0,0.15749001226294793,0.8650914278090265,0.9863405227661133,0.7639930248260498,0.028385416666666666,0.16670957920600712,0.09359102796441322,0.1671449103100585,0.156612115841502,88.0952380952381,80.95238095238095,0.051044937061961684,1.595225014977603,0.18955001630869361,39,3,0,0.9464964121381191,1.6,0.13855255082427034,0.35,,0.7738093137741089,0.7130820751190186,0.06072723865509033,BP_X6M_C_1,1,c228b69f45473525ee98381dab957a720389a8a020c15da11c2a06b1fff37c75,f71a82307640a718a7d07163a1f2b31719417336f96d218a1f85141f0900fca7,1
20260805_180000,57,2026-08-05T19:07:47,BMW_X6M_Scale_0.75,,,,3.0,1,1,1,1,landing_collision_success,,,,108,68,40,70.78099999995902,33,61.15599999995902,8,9.625,8005.551719769229,99.07407407407408,0.9259259259259259,0.0,93.51851851851852,79.62962962962963,95.0,92.5,5.0,0.0,0.04844623859188071,collision_xy_combined,0.45,0.0,0.1823870082136615,0.10785043759922223,0.0,0.05618963900314488,0.8664634671661794,0.9838394522666931,0.7101404666900635,0.020027488425925926,0.20960334326838165,0.09887449545651963,0.21095378310509827,0.21095378310509827,85.0,75.0,0.19917617495421347,1.738903448852421,0.1907261183305211,39,1,0,0.9421943120657819,1.6,0.16183679259754716,0.35,,0.7311224937438965,0.6799176931381226,0.051204800605773926,BP_X6M_C_1,1,c228b69f45473525ee98381dab957a720389a8a020c15da11c2a06b1fff37c75,f71a82307640a718a7d07163a1f2b31719417336f96d218a1f85141f0900fca7,1
20260805_180000,58,2026-08-05T19:08:57,BMW_X6M_Scale_0.75,,,,3.0,1,1,1,1,landing_collision_success,,,,109,66,43,71.7039999999106,34,61.09399999980815,10,10.610000000102445,8005.428040933498,99.08256880733946,0.9174311926605505,0.0,93.57798165137615,78.89908256880734,100.0,97.67441860465117,0.0,0.0,0.14030629414664456,collision_xy_combined,0.45,0.0,0.1616956254128877,0.10084270626135754,0.0,0.1281212360181838,0.8645344529438096,0.9843659996986389,0.7600466012954712,0.037274305555555554,0.18085057981689479,0.09775327542492357,0.18181549870228386,0.18181549870228386,90.69767441860465,88.37209302325581,0.08872500627560065,1.7128497156828504,0.21092008713004656,42,1,0,1.0084825310505923,1.6,0.14338303053621632,0.35,,0.7656182050704956,0.7060099840164185,0.05960822105407715,BP_X6M_C_1,1,c228b69f45473525ee98381dab957a720389a8a020c15da11c2a06b1fff37c75,f71a82307640a718a7d07163a1f2b31719417336f96d218a1f85141f0900fca7,1
20260805_180000,59,2026-08-05T19:10:09,BMW_X6M_Scale_0.75,,,,3.0,1,1,1,1,landing_collision_success,,,,114,70,44,74.5,31,60.92100000008941,14,13.578999999910593,8003.141776872853,97.36842105263158,2.6315789473684212,0.0,93.85964912280701,77.19298245614036,95.45454545454545,90.9090909090909,4.545454545454546,0.0,0.16650082271854763,collision_xy_combined,0.45,0.0,0.18961479513129134,0.1279267724637701,0.0,0.21520290770810013,0.8702780319368233,0.9858248829841614,0.6969926953315735,0.021919849537037038,0.15979971988272154,0.0941810155110558,0.16417554645134563,0.16417554645134563,88.63636363636364,79.54545454545455,0.05976813489238238,1.6429915103296562,0.1804952714983301,42,2,0,0.9423861984002596,1.6,0.13728866016830907,0.35,,0.7512170076370239,0.7454605102539062,0.005756497383117676,BP_X6M_C_1,1,c228b69f45473525ee98381dab957a720389a8a020c15da11c2a06b1fff37c75,f71a82307640a718a7d07163a1f2b31719417336f96d218a1f85141f0900fca7,1
20260805_180000,60,2026-08-05T19:11:24,BMW_X6M_Scale_0.75,,,,3.0,1,1,1,1,landing_collision_success,,,,112,69,43,73.13999999989755,35,63.28099999995902,9,9.858999999938533,8005.31937501514,96.42857142857143,3.5714285714285716,0.0,91.96428571428571,77.67857142857143,95.34883720930233,83.72093023255815,4.651162790697675,0.0,0.08335043619129484,collision_xy_combined,0.45,0.0,0.19061644419485094,0.10167602606634499,0.0,0.06417884083645568,0.8592092161900903,0.9846514463424683,0.754638671875,0.03138888888888889,0.2270504431145188,0.10532597326891423,0.22900716181075378,0.22900716181075378,88.37209302325581,83.72093023255815,0.0576277154406354,1.498083121194533,0.16713473408097423,39,4,0,0.8977083986260497,1.6,0.1434486091448817,0.35,,0.754638671875,0.6807650327682495,0.07387363910675049,BP_X6M_C_1,1,c228b69f45473525ee98381dab957a720389a8a020c15da11c2a06b1fff37c75,f71a82307640a718a7d07163a1f2b31719417336f96d218a1f85141f0900fca7,1
20260805_180000,61,2026-08-05T19:12:37,BMW_X6M_Scale_0.75,,,,3.0,1,1,1,1,landing_collision_success,,,,98,52,46,65.61000000010245,36,54.610000000102445,11,11.0,8003.361016622067,98.9795918367347,1.0204081632653061,0.0,87.75510204081633,69.38775510204081,89.1304347826087,76.08695652173913,10.869565217391305,0.0,0.12913513333417817,collision_xy_combined,0.45,0.0,0.2573049588804957,0.1256256045957969,0.0,0.296544040667749,0.8513550332213432,0.9869717359542847,0.6358708143234253,0.024467592592592593,0.14332500235373455,0.08292408075180793,0.14340281702492574,0.05722828666707587,93.47826086956522,82.6086956521739,0.16394516660718259,1.7411128801981781,0.24288544042968185,37,9,0,1.018265459740728,3.092248125201218,0.1289966179916392,0.35,,0.6619749069213867,0.6126375794410706,0.04933732748031616,BP_X6M_C_1,1,c228b69f45473525ee98381dab957a720389a8a020c15da11c2a06b1fff37c75,f71a82307640a718a7d07163a1f2b31719417336f96d218a1f85141f0900fca7,1
20260805_180000,62,2026-08-05T19:13:42,BMW_X6M_Scale_0.75,,,,3.0,1,1,1,1,landing_collision_success,,,,91,50,41,62.875,34,53.35899999993853,8,9.516000000061467,8005.481948330261,100.0,0.0,0.0,93.4065934065934,72.52747252747253,95.1219512195122,92.6829268292683,4.878048780487805,0.0,0.21130291071695442,collision_xy_combined,0.45,0.0,0.19601247781144068,0.12081599613694266,0.0,0.12329847554867533,0.8749581812862551,0.9936519861221313,0.7384231686592102,0.03204861111111111,0.18337691546704332,0.09575308959911864,0.1846463993998488,0.1846463993998488,92.6829268292683,92.6829268292683,0.11271309095051102,1.8164057750126694,0.2376980946144096,36,5,0,1.0532498363314304,1.6,0.15010491348076155,0.35,,0.7402774691581726,0.6331482529640198,0.10712921619415283,BP_X6M_C_1,1,c228b69f45473525ee98381dab957a720389a8a020c15da11c2a06b1fff37c75,f71a82307640a718a7d07163a1f2b31719417336f96d218a1f85141f0900fca7,1
20260805_180000,63,2026-08-05T19:14:45,BMW_X6M_Scale_0.75,,,,3.0,1,1,1,1,landing_collision_success,,,,155,113,42,95.40599999995902,33,84.81199999991804,10,10.594000000040978,8005.066679464804,98.06451612903226,1.935483870967742,0.0,94.19354838709677,84.51612903225806,97.61904761904762,90.47619047619048,2.380952380952381,0.0,0.2267365069018222,collision_xy_combined,0.45,0.0,0.13488551099137605,0.10577462647033206,0.0,0.03656400031215349,0.8595561618573616,0.9881510734558105,0.7519264221191406,0.03645399305555556,0.18991871062393564,0.09003965804327725,0.19202958154445562,0.19202958154445562,85.71428571428571,78.57142857142857,0.07357238774631389,1.6945264065006014,0.24774612016649877,41,1,0,1.0114787600455157,1.6,0.14554861228380883,0.35,,0.7519264221191406,0.6930108666419983,0.058915555477142334,BP_X6M_C_1,1,c228b69f45473525ee98381dab957a720389a8a020c15da11c2a06b1fff37c75,f71a82307640a718a7d07163a1f2b31719417336f96d218a1f85141f0900fca7,1
20260805_180000,64,2026-08-05T19:16:21,BMW_X6M_Scale_0.75,,,,3.0,1,1,1,1,landing_collision_success,,,,114,69,45,74.625,35,63.0,11,11.625,8004.403841862469,100.0,0.0,0.0,92.98245614035088,73.6842105263158,97.77777777777777,91.11111111111111,2.2222222222222223,0.0,0.09490093541103871,collision_xy_combined,0.45,0.0,0.22400362553312997,0.11166744402714497,0.0,0.05254999273178933,0.8576929542905145,0.9845267534255981,0.7126041054725647,0.02625,0.14718311556918504,0.08690032368937552,0.15222826134272627,0.05061911050990198,91.11111111111111,77.77777777777777,0.06284747844767354,1.4242152851046157,0.22338647011559032,39,6,0,0.9736072179013208,1.6,0.1331614747792482,0.35,,0.7126041650772095,0.6122406721115112,0.10036349296569824,BP_X6M_C_1,1,c228b69f45473525ee98381dab957a720389a8a020c15da11c2a06b1fff37c75,f71a82307640a718a7d07163a1f2b31719417336f96d218a1f85141f0900fca7,1
20260805_180000,65,2026-08-05T19:17:35,BMW_X6M_Scale_0.75,,,,3.0,1,1,1,1,landing_collision_success,,,,113,70,43,73.31200000015087,31,61.29700000002049,13,12.015000000130385,8004.921982483953,94.69026548672566,5.3097345132743365,0.0,90.26548672566372,75.22123893805309,88.37209302325581,81.3953488372093,11.627906976744185,0.0,0.15816733450110654,collision_xy_combined,0.45,0.0,0.19787666884428248,0.09800262006120991,0.0,0.253866952446425,0.8609418420548755,0.9866273999214172,0.7015403509140015,0.023171296296296297,0.21882219324709695,0.10581393864700783,0.22665283836860503,0.22665283836860503,93.02325581395348,83.72093023255815,0.1163244002281462,1.458613772871392,0.23445135031374997,41,2,0,0.9147607191256302,1.6,0.14421205886401406,0.35,,0.7015403509140015,0.7081941962242126,-0.006653845310211182,BP_X6M_C_1,1,c228b69f45473525ee98381dab957a720389a8a020c15da11c2a06b1fff37c75,f71a82307640a718a7d07163a1f2b31719417336f96d218a1f85141f0900fca7,1
20260805_180000,66,2026-08-05T19:18:49,BMW_X6M_Scale_0.75,,,,3.0,1,1,1,1,landing_collision_success,,,,113,69,44,73.23499999986961,33,61.437999999849126,12,11.797000000020489,8003.860167283973,98.23008849557522,1.7699115044247788,0.0,90.26548672566372,78.76106194690266,90.9090909090909,79.54545454545455,9.090909090909092,0.0,0.12620964065400886,collision_xy_combined,0.45,0.0,0.14220446014803606,0.11206029793172184,0.0,0.08090277777777777,0.855520340359522,0.9869328141212463,0.6819677352905273,0.026497395833333333,0.1983617367291461,0.10043155756931701,0.20634489389071928,0.20634489389071928,86.36363636363636,84.0909090909091,0.070270547834734,1.5965832686100343,0.22047240327632656,38,6,0,0.8330377574996025,1.6,0.13246834080835634,0.35,,0.6819676756858826,0.6886320114135742,-0.00666433572769165,BP_X6M_C_1,1,c228b69f45473525ee98381dab957a720389a8a020c15da11c2a06b1fff37c75,f71a82307640a718a7d07163a1f2b31719417336f96d218a1f85141f0900fca7,1
20260805_180000,67,2026-08-05T19:20:02,BMW_X6M_Scale_0.75,,,,3.0,1,1,1,1,landing_collision_success,,,,96,52,44,64.07799999997951,35,53.95299999997951,10,10.125,8003.4079466923,95.83333333333333,4.166666666666667,0.0,89.58333333333333,66.66666666666667,90.9090909090909,79.54545454545455,9.090909090909092,0.0,0.05729224541564322,collision_xy_combined,0.45,0.0,0.2004933756589743,0.11760235114932474,0.0,0.2640658522129551,0.8584744496109141,0.9906020760536194,0.7310753464698792,0.024030671296296297,0.16860828916854795,0.09606640860656648,0.16984669377661837,0.16984669377661837,86.36363636363636,86.36363636363636,0.07420473782163887,1.7050129288945894,0.22643388661121744,38,6,0,0.9743956758971047,1.6,0.13631263559853488,0.35,,0.7310753464698792,0.6484475135803223,0.08262783288955688,BP_X6M_C_1,1,c228b69f45473525ee98381dab957a720389a8a020c15da11c2a06b1fff37c75,f71a82307640a718a7d07163a1f2b31719417336f96d218a1f85141f0900fca7,1
20260805_180000,68,2026-08-05T19:21:06,BMW_X6M_Scale_0.75,,,,3.0,1,1,1,1,landing_collision_success,,,,121,68,53,78.09400000004098,37,63.625,17,14.469000000040978,8004.518669053912,97.52066115702479,2.479338842975207,0.0,90.08264462809917,76.85950413223141,86.79245283018868,81.13207547169812,13.20754716981132,0.0,0.05407406651694964,collision_xy_combined,0.45,0.0,0.23431987287710496,0.1211894600195236,0.0,0.8007051604649473,0.8570027891998037,0.9872221946716309,0.6390299797058105,0.02392361111111111,0.2262262287275462,0.11653513195301664,0.22776763858893362,0.1207593156187795,92.45283018867924,86.79245283018868,0.05103903213905711,1.3385384121641202,0.19504212581439573,46,7,0,0.9698735591650615,1.6,0.12708805666217265,0.35,,0.6548219919204712,0.6039785742759705,0.05084341764450073,BP_X6M_C_1,1,c228b69f45473525ee98381dab957a720389a8a020c15da11c2a06b1fff37c75,f71a82307640a718a7d07163a1f2b31719417336f96d218a1f85141f0900fca7,1
20260805_180000,69,2026-08-05T19:22:24,BMW_X6M_Scale_0.75,,,,3.0,1,1,1,1,landing_collision_success,,,,95,52,43,64.26599999982864,33,52.937999999849126,11,11.327999999979511,8003.5102758640705,98.94736842105263,1.0526315789473684,0.0,86.3157894736842,69.47368421052632,83.72093023255815,72.09302325581395,16.27906976744186,0.0,0.02973758371736628,collision_xy_combined,0.45,0.0,0.18037244236359243,0.14310576927846297,0.0,0.039291325101033586,0.8421616462524804,0.9842709302902222,0.6557629108428955,0.024244791666666668,0.18802448327756793,0.1019672588012344,0.1910994530949692,0.1910994530949692,83.72093023255815,79.06976744186046,0.09499598577512858,1.8372119933622082,0.2311819023384356,36,7,0,0.9214204341402735,1.6,0.14153136227019994,0.35,,0.6521468758583069,0.6040659546852112,0.0480809211730957,BP_X6M_C_1,1,c228b69f45473525ee98381dab957a720389a8a020c15da11c2a06b1fff37c75,f71a82307640a718a7d07163a1f2b31719417336f96d218a1f85141f0900fca7,1
20260805_180000,70,2026-08-05T19:23:28,BMW_X6M_Scale_0.75,,,,3.0,1,1,1,1,landing_collision_success,,,,97,52,45,65.68699999991804,36,55.343000000109896,10,10.343999999808148,8004.682857540079,97.9381443298969,2.0618556701030926,0.0,90.72164948453609,65.97938144329896,93.33333333333333,91.11111111111111,6.666666666666667,0.0,0.1516025328269379,collision_xy_combined,0.45,0.0,0.22690145202459824,0.11952180118957728,0.0,0.12258355342784749,0.8576306098477028,0.9860626459121704,0.6694222688674927,0.020474537037037038,0.17644309516989476,0.10289712891935444,0.17685310252567163,0.17685310252567163,84.44444444444444,82.22222222222223,0.05854192049665691,1.6958836307991385,0.11185166064501251,39,6,0,0.9640707794409571,1.6,0.12931105957263042,0.35,,0.6428483724594116,0.6848408579826355,-0.04199248552322388,BP_X6M_C_1,1,c228b69f45473525ee98381dab957a720389a8a020c15da11c2a06b1fff37c75,f71a82307640a718a7d07163a1f2b31719417336f96d218a1f85141f0900fca7,1
20260805_180000,71,2026-08-05T19:24:34,BMW_X6M_Scale_0.75,,,,3.0,1,1,1,1,landing_collision_success,,,,96,52,44,64.5,32,52.29700000002049,13,12.202999999979511,8005.619956931588,98.95833333333333,1.0416666666666667,0.0,92.70833333333333,69.79166666666667,100.0,97.72727272727273,0.0,0.0,0.08752254181874496,collision_xy_combined,0.45,0.0,0.20200439825373115,0.13205848738290576,0.0,0.2479322279585569,0.8684093056061161,0.9853482246398926,0.8261218667030334,0.02556423611111111,0.19636604883172065,0.10505687920472531,0.20495608791978628,0.20495608791978628,84.0909090909091,84.0909090909091,0.06111859367264026,1.830432430984871,0.20732543919414498,38,6,0,1.0369755352632195,1.6,0.13808910117061296,0.35,,0.8368198871612549,0.6803390979766846,0.1564807891845703,BP_X6M_C_1,1,c228b69f45473525ee98381dab957a720389a8a020c15da11c2a06b1fff37c75,f71a82307640a718a7d07163a1f2b31719417336f96d218a1f85141f0900fca7,1
20260805_180000,72,2026-08-05T19:25:38,BMW_X6M_Scale_0.75,,,,3.0,1,1,1,1,landing_collision_success,,,,129,76,53,83.15600000019185,31,64.65600000019185,23,18.5,8002.996968169635,96.89922480620154,3.10077519379845,0.0,86.04651162790698,73.64341085271317,77.35849056603773,64.15094339622641,22.641509433962263,0.0,0.08625811544764739,collision_xy_combined,0.45,0.0,0.3023705139658304,0.1381167274490858,0.0,0.8855305549202067,0.8327598773736562,0.9872510433197021,0.6509802341461182,0.018310185185185186,0.15559335086859494,0.09583502074567708,0.16798922248056408,0.054129250105191505,86.79245283018868,83.01886792452831,0.06281435487286709,1.1224462166430267,0.2260935557905963,47,6,0,0.9687469583620538,1.6495946884232577,0.14664357976812234,0.35,,0.6282830834388733,0.5344759225845337,0.0938071608543396,BP_X6M_C_1,1,c228b69f45473525ee98381dab957a720389a8a020c15da11c2a06b1fff37c75,f71a82307640a718a7d07163a1f2b31719417336f96d218a1f85141f0900fca7,1
20260805_180000,73,2026-08-05T19:27:02,BMW_X6M_Scale_0.75,,,,3.0,1,1,1,1,landing_collision_success,,,,113,70,43,73.76599999982864,31,61.39099999982864,13,12.375,8003.3616175201305,98.23008849557522,1.7699115044247788,0.0,92.03539823008849,81.41592920353982,90.69767441860465,81.3953488372093,9.30232558139535,0.0,0.06371039525105555,collision_xy_combined,0.45,0.0,0.1841909957219012,0.11075186509705315,0.0,0.056279763776437564,0.8674657921845761,0.9848709106445312,0.6776692867279053,0.032973090277777777,0.21193522871312948,0.10234442025760591,0.22362243468544774,0.22362243468544774,83.72093023255815,79.06976744186046,0.06585808392545735,1.6493873373612666,0.24891040017255062,40,3,0,0.9436675788304376,1.6,0.14362992682602513,0.35,,0.6505506038665771,0.6266571283340454,0.02389347553253174,BP_X6M_C_1,1,c228b69f45473525ee98381dab957a720389a8a020c15da11c2a06b1fff37c75,f71a82307640a718a7d07163a1f2b31719417336f96d218a1f85141f0900fca7,1
20260805_180000,74,2026-08-05T19:28:15,BMW_X6M_Scale_0.75,,,,3.0,1,1,1,1,landing_collision_success,,,,111,66,45,73.04700000002049,32,60.0,14,13.047000000020489,8004.895330858791,96.3963963963964,3.6036036036036037,0.0,90.990990990991,72.07207207207207,91.11111111111111,84.44444444444444,8.88888888888889,0.0,0.11057262855269409,collision_xy_combined,0.45,0.0,0.15915482638650483,0.10497578445290358,0.0,0.05910673463151399,0.8579645959693938,0.9867384433746338,0.7347618937492371,0.02473090277777778,0.18421262389373927,0.09944793674642241,0.18722763271964613,0.18722763271964613,84.44444444444444,80.0,0.09159086394484048,1.5851676981264955,0.17554402707198125,39,6,0,0.9909283100360954,1.6,0.13218753648963236,0.35,,0.7374871373176575,0.6816897392272949,0.05579739809036255,BP_X6M_C_1,1,c228b69f45473525ee98381dab957a720389a8a020c15da11c2a06b1fff37c75,f71a82307640a718a7d07163a1f2b31719417336f96d218a1f85141f0900fca7,1
20260805_180000,75,2026-08-05T19:29:28,BMW_X6M_Scale_0.75,,,,3.0,1,1,1,1,landing_collision_success,,,,95,51,44,64.875,36,54.60899999993853,9,10.266000000061467,8004.088719671617,100.0,0.0,0.0,92.63157894736842,73.6842105263158,95.45454545454545,93.18181818181819,4.545454545454546,0.0,0.06156157398741318,collision_xy_combined,0.45,0.0,0.20894079746046412,0.12735105755182366,0.0,0.09939161842242944,0.8727652386975722,0.988197922706604,0.6882025599479675,0.023003472222222224,0.16205151233660015,0.09320289351784064,0.16257849900790056,0.16257849900790056,88.63636363636364,86.36363636363636,0.1404593440923539,1.7746399267298256,0.19165462826156077,39,5,0,0.9831896528268935,1.6,0.13360632902349934,0.35,,0.644024133682251,0.6732975244522095,-0.029273390769958496,BP_X6M_C_1,1,c228b69f45473525ee98381dab957a720389a8a020c15da11c2a06b1fff37c75,f71a82307640a718a7d07163a1f2b31719417336f96d218a1f85141f0900fca7,1
20260805_180000,76,2026-08-05T19:30:33,BMW_X6M_Scale_0.75,,,,3.0,1,1,1,1,landing_collision_success,,,,94,51,43,63.25,36,54.10899999993853,8,9.141000000061467,8004.640704562494,96.80851063829788,3.1914893617021276,0.0,92.55319148936171,70.2127659574468,97.67441860465117,90.69767441860465,2.3255813953488373,0.0,0.12652474641927366,collision_xy_combined,0.45,0.0,0.19366128299257673,0.13420284820607972,0.0,0.17481837190599905,0.8708329505918865,0.9859746694564819,0.7878090739250183,0.02232204861111111,0.22140959207845332,0.11067026162339157,0.2226316528569111,0.2226316528569111,90.69767441860465,83.72093023255815,0.09489287306113355,1.5590762381214378,0.2091961630049095,39,4,0,1.0260154400613821,1.6,0.14213050725674906,0.35,,0.8014258742332458,0.7004133462905884,0.10101252794265747,BP_X6M_C_1,1,c228b69f45473525ee98381dab957a720389a8a020c15da11c2a06b1fff37c75,f71a82307640a718a7d07163a1f2b31719417336f96d218a1f85141f0900fca7,1
20260805_180000,77,2026-08-05T19:31:37,BMW_X6M_Scale_0.75,,,,3.0,1,1,1,1,landing_collision_success,,,,97,52,45,65.2960000000894,34,53.35899999993853,12,11.937000000150874,8004.277362589346,97.9381443298969,2.0618556701030926,0.0,90.72164948453609,76.28865979381443,93.33333333333333,91.11111111111111,6.666666666666667,0.0,0.11905493945680462,collision_xy_combined,0.45,0.0,0.15704541923261722,0.11327048849888541,0.0,0.11041283128258676,0.8648505479905784,0.9861645102500916,0.6839402318000793,0.026157407407407407,0.16411154885537044,0.09797143789758728,0.16522377135785063,0.16522377135785063,88.88888888888889,82.22222222222223,0.06846771926625354,1.647319127619096,0.14703986528166074,41,4,0,0.9071886367129035,1.6,0.1284604228817754,0.35,,0.6382560729980469,0.6381752490997314,8.082389831542969e-05,BP_X6M_C_1,1,c228b69f45473525ee98381dab957a720389a8a020c15da11c2a06b1fff37c75,f71a82307640a718a7d07163a1f2b31719417336f96d218a1f85141f0900fca7,1
20260805_180000,78,2026-08-05T19:32:42,BMW_X6M_Scale_0.75,,,,3.0,1,1,1,1,landing_collision_success,,,,117,72,45,76.09399999980815,37,66.21899999980815,9,9.875,8004.1355142617895,96.58119658119658,3.4188034188034186,0.0,90.5982905982906,76.92307692307692,88.88888888888889,75.55555555555556,11.11111111111111,0.0,0.09971708170758858,collision_xy_combined,0.45,0.0,0.15337245563165472,0.10824257871276588,0.0,0.20127442512962626,0.8610454050570036,0.98565673828125,0.7402909398078918,0.027912326388888888,0.19651811231805638,0.09862939292715801,0.19800868081518677,0.19800868081518677,86.66666666666667,82.22222222222223,0.0625015320487608,1.6627979074093646,0.21606170502868946,42,3,0,0.9532974017683532,1.6,0.13085413063897025,0.35,,0.7575030326843262,0.6762605905532837,0.08124244213104248,BP_X6M_C_1,1,c228b69f45473525ee98381dab957a720389a8a020c15da11c2a06b1fff37c75,f71a82307640a718a7d07163a1f2b31719417336f96d218a1f85141f0900fca7,1
20260805_180000,79,2026-08-05T19:33:58,BMW_X6M_Scale_0.75,,,,3.0,1,1,1,1,landing_collision_success,,,,120,71,49,77.81200000015087,30,61.46900000004098,20,16.343000000109896,8003.544469410472,98.33333333333333,1.6666666666666667,0.0,88.33333333333333,71.66666666666667,83.6734693877551,65.3061224489796,16.3265306122449,0.0,0.1704838551242718,collision_xy_combined,0.45,0.0,0.3083524303085487,0.12654332749919256,0.0,0.3544421514707373,0.8372886095159638,0.9924761652946472,0.7267370820045471,0.03194444444444444,0.16849751397145155,0.08934603674930744,0.17342493213465232,0.12741177743413978,87.75510204081633,69.38775510204081,0.08688915507882926,1.3567955467667345,0.1502744194872072,35,14,0,0.9002708014058358,2.0670327233822072,0.11624696500599382,0.35,,0.718779444694519,0.6752564907073975,0.04352295398712158,BP_X6M_C_1,1,c228b69f45473525ee98381dab957a720389a8a020c15da11c2a06b1fff37c75,f71a82307640a718a7d07163a1f2b31719417336f96d218a1f85141f0900fca7,1
20260805_180000,80,2026-08-05T19:35:16,BMW_X6M_Scale_0.75,,,,3.0,1,1,1,1,landing_collision_success,,,,116,71,45,75.01600000006147,36,64.65599999995902,10,10.360000000102445,8003.673654432385,96.55172413793103,3.4482758620689653,0.0,90.51724137931035,74.13793103448276,88.88888888888889,77.77777777777777,11.11111111111111,0.0,0.06618832336133718,collision_xy_combined,0.45,0.0,0.1961372184655939,0.10796870166751146,0.0,0.3267752415940141,0.8620909668009473,0.9893050193786621,0.7366659641265869,0.02803240740740741,0.2031375950932266,0.1010468307568278,0.2045648800001153,0.19173782978559217,84.44444444444444,77.77777777777777,0.05570983304309571,1.5918502108750112,0.22825548427696307,39,6,0,0.9794062795940357,1.6,0.1315779198888275,0.35,,0.7366660237312317,0.6453747749328613,0.09129124879837036,BP_X6M_C_1,1,c228b69f45473525ee98381dab957a720389a8a020c15da11c2a06b1fff37c75,f71a82307640a718a7d07163a1f2b31719417336f96d218a1f85141f0900fca7,1
20260805_180000,81,2026-08-05T19:36:31,BMW_X6M_Scale_0.75,,,,3.0,1,1,1,1,landing_collision_success,,,,113,69,44,74.0460000000894,36,64.2960000000894,9,9.75,8003.882298758788,96.46017699115045,3.5398230088495577,0.0,93.80530973451327,74.33628318584071,95.45454545454545,93.18181818181819,4.545454545454546,0.0,0.05419102205483298,collision_xy_combined,0.45,0.0,0.1657615227855217,0.1181091585824291,0.0,0.16402558551691887,0.8730523496951658,0.9877659678459167,0.8572787642478943,0.01994502314814815,0.2043080007144467,0.10844288865467182,0.2046909759173751,0.2046909759173751,90.9090909090909,79.54545454545455,0.08630832297492586,1.4771050128413379,0.24491278304189468,41,3,0,1.0231527888762868,1.6,0.13484097766266626,0.35,,0.7629650831222534,0.6846111416816711,0.07835394144058228,BP_X6M_C_1,1,c228b69f45473525ee98381dab957a720389a8a020c15da11c2a06b1fff37c75,f71a82307640a718a7d07163a1f2b31719417336f96d218a1f85141f0900fca7,1
20260805_180000,82,2026-08-05T19:37:45,BMW_X6M_Scale_0.75,,,,3.0,1,1,1,1,landing_collision_success,,,,97,51,46,66.21899999980815,36,54.656999999890104,11,11.561999999918044,8005.1674390107955,98.96907216494846,1.0309278350515463,0.0,91.75257731958763,69.0721649484536,95.65217391304348,89.1304347826087,4.3478260869565215,0.0,0.046950664751703335,collision_xy_combined,0.45,0.0,0.23205222227156366,0.13412848835683228,0.0,0.3339382531912815,0.8683936476468795,0.9859771728515625,0.6587167978286743,0.021064814814814814,0.1862608412130976,0.10131013106789351,0.1875562007868666,0.16106601627543568,84.78260869565217,78.26086956521739,0.06602559769932526,1.7646030501302161,0.24648830995983595,37,9,0,0.948296160309832,1.6,0.12029349577005786,0.35,,0.6851309537887573,0.6659765243530273,0.01915442943572998,BP_X6M_C_1,1,c228b69f45473525ee98381dab957a720389a8a020c15da11c2a06b1fff37c75,f71a82307640a718a7d07163a1f2b31719417336f96d218a1f85141f0900fca7,1
20260805_180000,83,2026-08-05T19:38:51,BMW_X6M_Scale_0.75,,,,3.0,1,1,1,1,landing_collision_success,,,,97,52,45,64.45300000021234,35,53.375,11,11.078000000212342,8004.792390916378,96.90721649484536,3.0927835051546393,0.0,92.78350515463917,69.0721649484536,97.77777777777777,95.55555555555556,2.2222222222222223,0.0,0.16183923313321824,collision_xy_combined,0.45,0.0,0.22020782815142645,0.12180287263622663,0.0,0.06180137746794859,0.8718393123265329,0.9836564064025879,0.7417057752609253,0.029173900462962962,0.17718817237624634,0.09749630178277102,0.17909155217855388,0.17909155217855388,84.44444444444444,84.44444444444444,0.10845540387718876,1.793769610743411,0.11971613576798035,39,6,0,1.013909010940783,1.6,0.131058188178473,0.35,,0.7417057752609253,0.7568559646606445,-0.015150189399719238,BP_X6M_C_1,1,c228b69f45473525ee98381dab957a720389a8a020c15da11c2a06b1fff37c75,f71a82307640a718a7d07163a1f2b31719417336f96d218a1f85141f0900fca7,1
20260805_180000,84,2026-08-05T19:39:56,BMW_X6M_Scale_0.75,,,,3.0,0,1,0,0,landing_collision_bad_xy,landing_collision_bad_xy,,,146,69,77,89.56299999984913,,,0,,-3994.8859042091212,94.52054794520548,5.47945205479452,0.0,86.98630136986301,58.21917808219178,84.41558441558442,71.42857142857143,15.584415584415584,0.0,0.5791181344101118,collision_xy_combined,0.45,0.0,0.40392653923456284,0.15416666666666667,0.0,0.704844433984427,0.8307213826281304,0.9860879778862,0.7537459135055542,0.02697482638888889,,0.12373409061695423,0.1869447921793606,0.13425841357972887,67.53246753246754,57.142857142857146,0.06658608171338677,0.8436360800640719,0.22063224920528146,35,35,7,0.9286182976324883,1.6,0.03502371626821431,0.35,0.45,0.6726099252700806,0.659091591835022,0.013518333435058594,BP_X6M_C_1,1,c228b69f45473525ee98381dab957a720389a8a020c15da11c2a06b1fff37c75,f71a82307640a718a7d07163a1f2b31719417336f96d218a1f85141f0900fca7,1
20260805_180000,85,2026-08-05T19:41:25,BMW_X6M_Scale_0.75,,,,3.0,1,1,1,1,landing_collision_success,,,,95,51,44,64.25,35,53.687000000150874,10,10.562999999849126,8003.463508470309,96.84210526315789,3.1578947368421053,0.0,90.52631578947368,74.73684210526316,90.9090909090909,84.0909090909091,9.090909090909092,0.0,0.06826743149270541,collision_xy_combined,0.45,0.0,0.18071375297641862,0.12020961710592497,0.0,0.11968663660997504,0.8695545407139879,0.9874546527862549,0.696381151676178,0.028700810185185187,0.1624472300211858,0.09472920759266922,0.163405495961925,0.163405495961925,88.63636363636364,88.63636363636364,0.10140678300400739,1.7911548483642803,0.2283449518512679,39,5,0,0.9407272054826122,1.6,0.13605922112918709,0.35,,0.6595185995101929,0.6602139472961426,-0.000695347785949707,BP_X6M_C_1,1,c228b69f45473525ee98381dab957a720389a8a020c15da11c2a06b1fff37c75,f71a82307640a718a7d07163a1f2b31719417336f96d218a1f85141f0900fca7,1
20260805_180000,86,2026-08-05T19:42:29,BMW_X6M_Scale_0.75,,,,3.0,1,1,1,1,landing_collision_success,,,,120,73,47,77.82799999997951,37,66.76500000013039,11,11.062999999849126,8003.457186673885,100.0,0.0,0.0,94.16666666666667,76.66666666666667,100.0,97.87234042553192,0.0,0.0,0.17886380253757472,collision_xy_combined,0.45,0.0,0.17264060631767286,0.12507376295832615,0.0,0.055137314559108905,0.871430424955537,0.981406033039093,0.7818298935890198,0.026417824074074073,0.1944007758409215,0.10063391943546218,0.19535448055044913,0.19535448055044913,91.48936170212765,74.46808510638297,0.08278560601122481,1.6868908365050288,0.24424173577013475,44,3,0,1.0286690602838724,1.6,0.13031533333373826,0.35,,0.795299232006073,0.7391972541809082,0.056101977825164795,BP_X6M_C_1,1,c228b69f45473525ee98381dab957a720389a8a020c15da11c2a06b1fff37c75,f71a82307640a718a7d07163a1f2b31719417336f96d218a1f85141f0900fca7,1
20260805_180000,87,2026-08-05T19:43:47,BMW_X6M_Scale_0.75,,,,3.0,1,1,1,1,landing_collision_success,,,,113,70,43,74.01600000006147,33,62.687000000150874,11,11.328999999910593,8004.220514576771,96.46017699115045,3.5398230088495577,0.0,92.03539823008849,77.87610619469027,93.02325581395348,90.69767441860465,6.976744186046512,0.0,0.24218096526261362,collision_xy_combined,0.45,0.0,0.1579527107854688,0.1060999181246417,0.0,0.2994712356822029,0.8627585106870638,0.986203670501709,0.7327084541320801,0.02440972222222222,0.17343929994692897,0.09521038251479294,0.17591369173216326,0.17591369173216326,86.04651162790698,86.04651162790698,0.21944189631965394,1.7238298942558725,0.24853296755225274,42,1,0,0.9833742645159006,1.6,0.13652497740679007,0.35,,0.7327084541320801,0.7196401357650757,0.013068318367004395,BP_X6M_C_1,1,c228b69f45473525ee98381dab957a720389a8a020c15da11c2a06b1fff37c75,f71a82307640a718a7d07163a1f2b31719417336f96d218a1f85141f0900fca7,1
20260805_180000,88,2026-08-05T19:45:01,BMW_X6M_Scale_0.75,,,,3.0,1,1,1,1,landing_collision_success,,,,113,70,43,74.38999999989755,34,63.718000000109896,10,10.671999999787658,8004.984527011942,99.11504424778761,0.8849557522123894,0.0,92.92035398230088,78.76106194690266,95.34883720930233,90.69767441860465,4.651162790697675,0.0,0.21527560584103508,collision_xy_combined,0.45,0.0,0.14651680519145507,0.109295326044733,0.0,0.05434230817646835,0.8612319906836351,0.988764226436615,0.7447257041931152,0.031475694444444445,0.20304825211005378,0.10099387648593143,0.20494127171730253,0.20494127171730253,93.02325581395348,90.69767441860465,0.1401114411609875,1.6757045033558033,0.20545732401942396,42,1,0,0.9933964428150086,1.6,0.1396835807173751,0.35,,0.7447257041931152,0.7295601963996887,0.015165507793426514,BP_X6M_C_1,1,c228b69f45473525ee98381dab957a720389a8a020c15da11c2a06b1fff37c75,f71a82307640a718a7d07163a1f2b31719417336f96d218a1f85141f0900fca7,1
20260805_180000,89,2026-08-05T19:46:16,BMW_X6M_Scale_0.75,,,,3.0,1,1,1,1,landing_collision_success,,,,117,71,46,76.39100000006147,30,61.40600000019185,17,14.984999999869615,8003.242411152431,100.0,0.0,0.0,92.3076923076923,71.7948717948718,95.65217391304348,89.1304347826087,4.3478260869565215,0.0,0.1802891402064582,collision_xy_combined,0.45,0.0,0.2442933821053137,0.12162545677657746,0.0,0.06588901917028529,0.8569940476183241,0.9847880005836487,0.6198307275772095,0.03453125,0.14258413774990913,0.08521091813045663,0.1462056151132499,0.1392327065587846,84.78260869565217,71.73913043478261,0.12100525340582266,1.4706179345558286,0.16478691737787665,37,9,0,0.9090809418171617,1.6,0.12348440365622872,0.35,,0.6198307871818542,0.5590672492980957,0.060763537883758545,BP_X6M_C_1,1,c228b69f45473525ee98381dab957a720389a8a020c15da11c2a06b1fff37c75,f71a82307640a718a7d07163a1f2b31719417336f96d218a1f85141f0900fca7,1
20260805_180000,90,2026-08-05T19:47:32,BMW_X6M_Scale_0.75,,,,3.0,1,1,1,1,landing_collision_success,,,,112,69,43,73.14099999982864,33,62.14099999982864,11,11.0,8004.626603606416,98.21428571428571,1.7857142857142858,0.0,91.96428571428571,75.89285714285714,93.02325581395348,88.37209302325581,6.976744186046512,0.0,0.1795448970919168,collision_xy_combined,0.45,0.0,0.1601993347029499,0.11446542755320609,0.0,0.05676440496886663,0.8621236047003644,0.9857441186904907,0.7634137868881226,0.03529369212962963,0.17706868327060235,0.09668434641516233,0.178447315379898,0.178447315379898,88.37209302325581,83.72093023255815,0.06616125219636443,1.6893935158436082,0.18239006229655175,41,2,0,1.0005457629467864,1.7390416757800995,0.13971196932501567,0.35,,0.7634137272834778,0.7171099185943604,0.04630380868911743,BP_X6M_C_1,1,c228b69f45473525ee98381dab957a720389a8a020c15da11c2a06b1fff37c75,f71a82307640a718a7d07163a1f2b31719417336f96d218a1f85141f0900fca7,1
20260805_180000,91,2026-08-05T19:48:45,BMW_X6M_Scale_0.75,,,,3.0,1,1,1,1,landing_collision_success,,,,94,52,42,63.89100000006147,34,53.92200000002049,9,9.969000000040978,8005.1478157557685,97.87234042553192,2.127659574468085,0.0,91.48936170212765,69.14893617021276,97.61904761904762,92.85714285714286,2.380952380952381,0.0,0.05895071036216163,collision_xy_combined,0.45,0.0,0.2133796266527386,0.1117891437229224,0.0,0.7074464252770987,0.8587702522524556,0.9863569736480713,0.6888840794563293,0.02450810185185185,0.16899649400564226,0.09482996147718335,0.1696487294752485,0.07045530534010039,90.47619047619048,88.0952380952381,0.1011516869452106,1.728910545787136,0.22626425380831283,37,5,0,0.9525732357457418,1.6,0.14425283413202988,0.35,,0.6848275065422058,0.650814414024353,0.03401309251785278,BP_X6M_C_1,1,c228b69f45473525ee98381dab957a720389a8a020c15da11c2a06b1fff37c75,f71a82307640a718a7d07163a1f2b31719417336f96d218a1f85141f0900fca7,1
20260805_180000,92,2026-08-05T19:49:49,BMW_X6M_Scale_0.75,,,,3.0,1,1,1,1,landing_collision_success,,,,95,52,43,64.35999999986961,32,52.32799999997951,12,12.031999999890104,8004.40767152865,95.78947368421052,4.2105263157894735,0.0,89.47368421052632,72.63157894736842,90.69767441860465,88.37209302325581,9.30232558139535,0.0,0.24905216634396968,collision_xy_combined,0.45,0.0,0.18066740127880265,0.13850470089139877,0.0,0.16816678731476287,0.858279838253348,0.987071692943573,0.6617172956466675,0.0321875,0.16721393642456356,0.09807177959658407,0.17155435271215133,0.17155435271215133,93.02325581395348,86.04651162790698,0.06612527758592404,1.6182978341118868,0.14490491226300595,39,4,0,0.9964269712397431,1.6,0.1432357993566019,0.35,,0.6435231566429138,0.6223980784416199,0.021125078201293945,BP_X6M_C_1,1,c228b69f45473525ee98381dab957a720389a8a020c15da11c2a06b1fff37c75,f71a82307640a718a7d07163a1f2b31719417336f96d218a1f85141f0900fca7,1
20260805_180000,93,2026-08-05T19:50:53,BMW_X6M_Scale_0.75,,,,3.0,1,1,1,1,landing_collision_success,,,,120,70,50,77.40599999995902,35,63.35899999993853,16,14.047000000020489,8003.502913880403,99.16666666666667,0.8333333333333334,0.0,90.0,70.83333333333333,90.0,80.0,10.0,0.0,0.10719541691474574,collision_xy_combined,0.45,0.0,0.3064012695182058,0.1364042040101756,0.0,0.683536555146996,0.8450528750845185,0.9853526949882507,0.7268748879432678,0.028327546296296295,0.14506800995647104,0.08715661752276563,0.14506800995647104,0.09162294610639829,92.0,76.0,0.0696380138304067,1.347250838029165,0.12170484737470422,38,12,0,0.907614139480708,1.6,0.11792582342028617,0.35,,0.692760169506073,0.6781424283981323,0.014617741107940674,BP_X6M_C_1,1,c228b69f45473525ee98381dab957a720389a8a020c15da11c2a06b1fff37c75,f71a82307640a718a7d07163a1f2b31719417336f96d218a1f85141f0900fca7,1
20260805_180000,94,2026-08-05T19:52:11,BMW_X6M_Scale_0.75,,,,3.0,1,1,1,1,landing_collision_success,,,,96,50,46,65.01600000006147,38,54.98400000017136,9,10.031999999890104,8003.677162537999,98.95833333333333,1.0416666666666667,0.0,94.79166666666667,73.95833333333333,100.0,97.82608695652173,0.0,0.0,0.10136064814401037,collision_xy_combined,0.45,0.0,0.22095394508086316,0.14394451711001133,0.0,0.060873908335586466,0.8845785126777415,0.989197850227356,0.8180192708969116,0.0259375,0.1770688906469099,0.09953212134854673,0.17759551387439487,0.17759551387439487,91.30434782608695,91.30434782608695,0.055021043198082924,1.7145479534606323,0.19929703051697326,40,6,0,1.0210982826821735,1.6,0.1263822831537412,0.35,,0.8180192708969116,0.6749430298805237,0.14307624101638794,BP_X6M_C_1,1,c228b69f45473525ee98381dab957a720389a8a020c15da11c2a06b1fff37c75,f71a82307640a718a7d07163a1f2b31719417336f96d218a1f85141f0900fca7,1
20260805_180000,95,2026-08-05T19:53:16,BMW_X6M_Scale_0.75,,,,3.0,1,1,1,1,landing_collision_success,,,,97,52,45,65.0930000001099,31,51.60899999993853,15,13.484000000171363,8005.09507645112,98.96907216494846,1.0309278350515463,0.0,92.78350515463917,70.10309278350516,100.0,97.77777777777777,0.0,0.0,0.24529572379899517,collision_xy_combined,0.45,0.0,0.21989011272665282,0.12305105766885081,0.0,0.059228620732622916,0.8705879610109817,0.98707515001297,0.8643590211868286,0.03418981481481481,0.20870562996578884,0.11069357897732766,0.22784246846107029,0.22784246846107029,84.44444444444444,80.0,0.06038947423850475,1.6442014136209635,0.14048069028239152,39,6,0,1.029328509445407,1.6,0.1340005051973793,0.35,,0.8643590211868286,0.82105553150177,0.043303489685058594,BP_X6M_C_1,1,c228b69f45473525ee98381dab957a720389a8a020c15da11c2a06b1fff37c75,f71a82307640a718a7d07163a1f2b31719417336f96d218a1f85141f0900fca7,1
20260805_180000,96,2026-08-05T19:54:21,BMW_X6M_Scale_0.75,,,,3.0,1,1,1,1,landing_collision_success,,,,97,51,46,64.93799999984913,35,53.45299999997951,12,11.484999999869615,8005.240392265076,100.0,0.0,0.0,93.81443298969072,71.1340206185567,100.0,97.82608695652173,0.0,0.0,0.06414748443315355,collision_xy_combined,0.45,0.0,0.20967422509183994,0.13634113509693654,0.0,0.031732387941099616,0.8765752676810891,0.9868877530097961,0.8169218301773071,0.022392939814814813,0.1619343385472045,0.09520514909416826,0.16288509614835642,0.16288509614835642,89.1304347826087,84.78260869565217,0.07847832193479413,1.60503169898036,0.22389548581702834,37,9,0,1.035843235010562,1.6,0.12814296179167597,0.35,,0.8169218301773071,0.7781012058258057,0.038820624351501465,BP_X6M_C_1,1,c228b69f45473525ee98381dab957a720389a8a020c15da11c2a06b1fff37c75,f71a82307640a718a7d07163a1f2b31719417336f96d218a1f85141f0900fca7,1
20260805_180000,97,2026-08-05T19:55:26,BMW_X6M_Scale_0.75,,,,3.0,1,1,1,1,landing_collision_success,,,,163,117,46,100.04700000002049,36,88.89000000013039,11,11.156999999890104,8004.860694285355,98.77300613496932,1.2269938650306749,0.0,95.0920245398773,79.75460122699387,100.0,97.82608695652173,0.0,0.0,0.23349823701497882,collision_xy_combined,0.45,0.0,0.18133425868152656,0.1233005618372549,0.0,0.20812518537047317,0.8679272393473805,0.9854528903961182,0.8318690657615662,0.03935185185185185,0.19334095683264185,0.09736633878643214,0.19466078205390053,0.19466078205390053,82.6086956521739,67.3913043478261,0.08367763185322205,1.664106354725876,0.22173478251327694,43,3,0,1.084082409158661,1.6,0.13443594681665944,0.35,,0.8501863479614258,0.7148241996765137,0.1353621482849121,BP_X6M_C_1,1,c228b69f45473525ee98381dab957a720389a8a020c15da11c2a06b1fff37c75,f71a82307640a718a7d07163a1f2b31719417336f96d218a1f85141f0900fca7,1
20260805_180000,98,2026-08-05T19:57:06,BMW_X6M_Scale_0.75,,,,3.0,1,1,1,1,landing_collision_success,,,,113,69,44,73.82799999997951,36,63.968000000109896,9,9.859999999869615,8004.556831036873,98.23008849557522,1.7699115044247788,0.0,92.03539823008849,76.99115044247787,93.18181818181819,86.36363636363636,6.818181818181818,0.0,0.15323031786144345,collision_xy_combined,0.45,0.0,0.15196066659595414,0.11219093348196883,0.0,0.09141463921979003,0.8612940037977119,0.9827286005020142,0.6829683780670166,0.02738425925925926,0.20013676194569496,0.09936437213423936,0.2012332091275436,0.2012332091275436,86.36363636363636,86.36363636363636,0.14787870481520876,1.646327331269203,0.23478079361542825,42,2,0,0.9560962504952838,1.6,0.1376722282882441,0.35,,0.6904019117355347,0.6501307487487793,0.04027116298675537,BP_X6M_C_1,1,c228b69f45473525ee98381dab957a720389a8a020c15da11c2a06b1fff37c75,f71a82307640a718a7d07163a1f2b31719417336f96d218a1f85141f0900fca7,1
20260805_180000,99,2026-08-05T19:58:20,BMW_X6M_Scale_0.75,,,,3.0,1,1,1,1,landing_collision_success,,,,114,70,44,74.23399999993853,32,61.85899999993853,13,12.375,8003.966458883451,96.49122807017544,3.508771929824561,0.0,91.2280701754386,75.43859649122807,88.63636363636364,86.36363636363636,11.363636363636363,0.0,0.22869559800913392,collision_xy_combined,0.45,0.0,0.1761964970383442,0.11713684432866919,0.0,0.05310659062954776,0.8664811120947996,0.9819761514663696,0.7414679527282715,0.015439814814814814,0.22038596592615553,0.10538603654938176,0.22908624504410302,0.22908624504410302,93.18181818181819,75.0,0.08669366160046608,1.6066360394864616,0.23291260252098667,42,2,0,1.0461935262398132,1.6,0.13835300086404786,0.35,,0.7414679527282715,0.698452353477478,0.04301559925079346,BP_X6M_C_1,1,c228b69f45473525ee98381dab957a720389a8a020c15da11c2a06b1fff37c75,f71a82307640a718a7d07163a1f2b31719417336f96d218a1f85141f0900fca7,1
20260805_180000,100,2026-08-05T19:59:34,BMW_X6M_Scale_0.75,,,,3.0,1,1,1,1,landing_collision_success,,,,112,70,42,73.15600000019185,29,60.5,14,12.656000000191852,8004.70442216891,97.32142857142857,2.6785714285714284,0.0,89.28571428571429,77.67857142857143,85.71428571428571,73.80952380952381,14.285714285714286,0.0,0.20511187575633222,collision_xy_combined,0.45,0.0,0.2550553975803585,0.11729694685239755,0.0,0.6408159096345067,0.8483029715619578,0.9851340055465698,0.7063419818878174,0.03532407407407408,0.20807622633874281,0.08978264365476374,0.2137851245034143,0.0789841451454716,97.61904761904762,85.71428571428571,0.18280260202510254,1.398479867058696,0.24981266782409536,35,7,0,1.0670367819216575,3.116528622548312,0.1539865893231971,0.35,,0.7519049048423767,0.6516199111938477,0.10028499364852905,BP_X6M_C_1,1,c228b69f45473525ee98381dab957a720389a8a020c15da11c2a06b1fff37c75,f71a82307640a718a7d07163a1f2b31719417336f96d218a1f85141f0900fca7,1
